<?xml version="1.0" encoding="UTF-8" ?>
<!-- This is a WordPress eXtended RSS file generated by WordPress as an export of your site. -->
<!-- It contains information about your site's posts, pages, comments, categories, and other content. -->
<!-- You may use this file to transfer that content from one site to another. -->
<!-- This file is not intended to serve as a complete backup of your site. -->

<!-- To import this information into a WordPress site follow these steps: -->
<!-- 1. Log in to that site as an administrator. -->
<!-- 2. Go to Tools: Import in the WordPress admin panel. -->
<!-- 3. Install the "WordPress" importer from the list. -->
<!-- 4. Activate & Run Importer. -->
<!-- 5. Upload this file using the form provided on that page. -->
<!-- 6. You will first be asked to map the authors in this export file to users -->
<!--    on the site. For each author, you may choose to map to an -->
<!--    existing user on the site or to create a new user. -->
<!-- 7. WordPress will then import each of the posts, pages, comments, categories, etc. -->
<!--    contained in this file into your site. -->

<!-- generator="WordPress/4.9.8" created="2018-10-06 02:05" -->
<rss version="2.0"
	xmlns:excerpt="http://wordpress.org/export/1.2/excerpt/"
	xmlns:content="http://purl.org/rss/1.0/modules/content/"
	xmlns:wfw="http://wellformedweb.org/CommentAPI/"
	xmlns:dc="http://purl.org/dc/elements/1.1/"
	xmlns:wp="http://wordpress.org/export/1.2/"
>

<channel>
	<title>wp</title>
	<link>http://localhost/wp</link>
	<description>Just another WordPress site</description>
	<pubDate>Sat, 06 Oct 2018 02:05:23 +0000</pubDate>
	<language>en-US</language>
	<wp:wxr_version>1.2</wp:wxr_version>
	<wp:base_site_url>http://localhost/wp</wp:base_site_url>
	<wp:base_blog_url>http://localhost/wp</wp:base_blog_url>

	<wp:author><wp:author_id>1</wp:author_id><wp:author_login><![CDATA[wp]]></wp:author_login><wp:author_email><![CDATA[wp@wp.dev]]></wp:author_email><wp:author_display_name><![CDATA[wp]]></wp:author_display_name><wp:author_first_name><![CDATA[]]></wp:author_first_name><wp:author_last_name><![CDATA[]]></wp:author_last_name></wp:author>


	<generator>https://wordpress.org/?v=4.9.8</generator>

<image>
	<url>http://localhost/wp/wp-content/uploads/2018/10/cropped-woobom500-1-32x32.png</url>
	<title>wp</title>
	<link>http://localhost/wp</link>
	<width>32</width>
	<height>32</height>
</image> 

	<item>
		<title>Assembly 1</title>
		<link>http://localhost/wp/index.php/assembly/assembly-1__trashed/</link>
		<pubDate>Tue, 25 Sep 2018 20:37:54 +0000</pubDate>
		<dc:creator><![CDATA[wp]]></dc:creator>
		<guid isPermaLink="false">http://localhost/wordpress/?post_type=assembly&#038;p=84</guid>
		<description></description>
		<content:encoded><![CDATA[<div id="idTextPanel" class="jqDnR">

Lorem ipsum dolor sit amet, consectetuer adipiscing elit. Aenean commodo ligula eget dolor. Aenean massa. Cum sociis natoque penatibus et magnis dis parturient montes, nascetur ridiculus mus. Donec quam felis, ultricies nec, pellentesque eu, pretium quis, sem. Nulla consequat massa quis enim. Donec pede justo, fringilla vel, aliquet nec, vulputate eget, arcu. In enim justo, rhoncus ut, imperdiet a, venenatis vitae, justo.

</div>]]></content:encoded>
		<excerpt:encoded><![CDATA[]]></excerpt:encoded>
		<wp:post_id>84</wp:post_id>
		<wp:post_date><![CDATA[2018-09-25 20:37:54]]></wp:post_date>
		<wp:post_date_gmt><![CDATA[2018-09-25 20:37:54]]></wp:post_date_gmt>
		<wp:comment_status><![CDATA[closed]]></wp:comment_status>
		<wp:ping_status><![CDATA[closed]]></wp:ping_status>
		<wp:post_name><![CDATA[assembly-1__trashed]]></wp:post_name>
		<wp:status><![CDATA[trash]]></wp:status>
		<wp:post_parent>0</wp:post_parent>
		<wp:menu_order>0</wp:menu_order>
		<wp:post_type><![CDATA[assembly]]></wp:post_type>
		<wp:post_password><![CDATA[]]></wp:post_password>
		<wp:is_sticky>0</wp:is_sticky>
		<wp:postmeta>
			<wp:meta_key><![CDATA[_edit_last]]></wp:meta_key>
			<wp:meta_value><![CDATA[1]]></wp:meta_value>
		</wp:postmeta>
		<wp:postmeta>
			<wp:meta_key><![CDATA[assembly_id]]></wp:meta_key>
			<wp:meta_value><![CDATA[Assembly 1]]></wp:meta_value>
		</wp:postmeta>
		<wp:postmeta>
			<wp:meta_key><![CDATA[_assembly_id]]></wp:meta_key>
			<wp:meta_value><![CDATA[field_59077aa89c6ff]]></wp:meta_value>
		</wp:postmeta>
		<wp:postmeta>
			<wp:meta_key><![CDATA[assembly_items_0_part_or_sub_assembly]]></wp:meta_key>
			<wp:meta_value><![CDATA[Part]]></wp:meta_value>
		</wp:postmeta>
		<wp:postmeta>
			<wp:meta_key><![CDATA[_assembly_items_0_part_or_sub_assembly]]></wp:meta_key>
			<wp:meta_value><![CDATA[field_5baa9f1eee1b3]]></wp:meta_value>
		</wp:postmeta>
		<wp:postmeta>
			<wp:meta_key><![CDATA[assembly_items_0_quantity]]></wp:meta_key>
			<wp:meta_value><![CDATA[1]]></wp:meta_value>
		</wp:postmeta>
		<wp:postmeta>
			<wp:meta_key><![CDATA[_assembly_items_0_quantity]]></wp:meta_key>
			<wp:meta_value><![CDATA[field_5bb80d0076ac2]]></wp:meta_value>
		</wp:postmeta>
		<wp:postmeta>
			<wp:meta_key><![CDATA[assembly_items_0_item]]></wp:meta_key>
			<wp:meta_value><![CDATA[a:1:{i:0;s:2:"76";}]]></wp:meta_value>
		</wp:postmeta>
		<wp:postmeta>
			<wp:meta_key><![CDATA[_assembly_items_0_item]]></wp:meta_key>
			<wp:meta_value><![CDATA[field_5bb80d0076ac3]]></wp:meta_value>
		</wp:postmeta>
		<wp:postmeta>
			<wp:meta_key><![CDATA[assembly_items_1_part_or_sub_assembly]]></wp:meta_key>
			<wp:meta_value><![CDATA[Part]]></wp:meta_value>
		</wp:postmeta>
		<wp:postmeta>
			<wp:meta_key><![CDATA[_assembly_items_1_part_or_sub_assembly]]></wp:meta_key>
			<wp:meta_value><![CDATA[field_5baa9f1eee1b3]]></wp:meta_value>
		</wp:postmeta>
		<wp:postmeta>
			<wp:meta_key><![CDATA[assembly_items_1_quantity]]></wp:meta_key>
			<wp:meta_value><![CDATA[1]]></wp:meta_value>
		</wp:postmeta>
		<wp:postmeta>
			<wp:meta_key><![CDATA[_assembly_items_1_quantity]]></wp:meta_key>
			<wp:meta_value><![CDATA[field_5bb80d0076ac2]]></wp:meta_value>
		</wp:postmeta>
		<wp:postmeta>
			<wp:meta_key><![CDATA[assembly_items_1_item]]></wp:meta_key>
			<wp:meta_value><![CDATA[a:1:{i:0;s:2:"80";}]]></wp:meta_value>
		</wp:postmeta>
		<wp:postmeta>
			<wp:meta_key><![CDATA[_assembly_items_1_item]]></wp:meta_key>
			<wp:meta_value><![CDATA[field_5bb80d0076ac3]]></wp:meta_value>
		</wp:postmeta>
		<wp:postmeta>
			<wp:meta_key><![CDATA[assembly_items_2_part_or_sub_assembly]]></wp:meta_key>
			<wp:meta_value><![CDATA[Part]]></wp:meta_value>
		</wp:postmeta>
		<wp:postmeta>
			<wp:meta_key><![CDATA[_assembly_items_2_part_or_sub_assembly]]></wp:meta_key>
			<wp:meta_value><![CDATA[field_5baa9f1eee1b3]]></wp:meta_value>
		</wp:postmeta>
		<wp:postmeta>
			<wp:meta_key><![CDATA[assembly_items_2_quantity]]></wp:meta_key>
			<wp:meta_value><![CDATA[2]]></wp:meta_value>
		</wp:postmeta>
		<wp:postmeta>
			<wp:meta_key><![CDATA[_assembly_items_2_quantity]]></wp:meta_key>
			<wp:meta_value><![CDATA[field_5bb80d0076ac2]]></wp:meta_value>
		</wp:postmeta>
		<wp:postmeta>
			<wp:meta_key><![CDATA[assembly_items_2_item]]></wp:meta_key>
			<wp:meta_value><![CDATA[a:1:{i:0;s:2:"82";}]]></wp:meta_value>
		</wp:postmeta>
		<wp:postmeta>
			<wp:meta_key><![CDATA[_assembly_items_2_item]]></wp:meta_key>
			<wp:meta_value><![CDATA[field_5bb80d0076ac3]]></wp:meta_value>
		</wp:postmeta>
		<wp:postmeta>
			<wp:meta_key><![CDATA[assembly_items_3_part_or_sub_assembly]]></wp:meta_key>
			<wp:meta_value><![CDATA[Part]]></wp:meta_value>
		</wp:postmeta>
		<wp:postmeta>
			<wp:meta_key><![CDATA[_assembly_items_3_part_or_sub_assembly]]></wp:meta_key>
			<wp:meta_value><![CDATA[field_5baa9f1eee1b3]]></wp:meta_value>
		</wp:postmeta>
		<wp:postmeta>
			<wp:meta_key><![CDATA[assembly_items_3_quantity]]></wp:meta_key>
			<wp:meta_value><![CDATA[2]]></wp:meta_value>
		</wp:postmeta>
		<wp:postmeta>
			<wp:meta_key><![CDATA[_assembly_items_3_quantity]]></wp:meta_key>
			<wp:meta_value><![CDATA[field_5bb80d0076ac2]]></wp:meta_value>
		</wp:postmeta>
		<wp:postmeta>
			<wp:meta_key><![CDATA[assembly_items_3_item]]></wp:meta_key>
			<wp:meta_value><![CDATA[a:1:{i:0;s:2:"83";}]]></wp:meta_value>
		</wp:postmeta>
		<wp:postmeta>
			<wp:meta_key><![CDATA[_assembly_items_3_item]]></wp:meta_key>
			<wp:meta_value><![CDATA[field_5bb80d0076ac3]]></wp:meta_value>
		</wp:postmeta>
		<wp:postmeta>
			<wp:meta_key><![CDATA[assembly_items]]></wp:meta_key>
			<wp:meta_value><![CDATA[4]]></wp:meta_value>
		</wp:postmeta>
		<wp:postmeta>
			<wp:meta_key><![CDATA[_assembly_items]]></wp:meta_key>
			<wp:meta_value><![CDATA[field_5bb80d0076ac0]]></wp:meta_value>
		</wp:postmeta>
		<wp:postmeta>
			<wp:meta_key><![CDATA[_edit_last]]></wp:meta_key>
			<wp:meta_value><![CDATA[1]]></wp:meta_value>
		</wp:postmeta>
		<wp:postmeta>
			<wp:meta_key><![CDATA[assembly_id]]></wp:meta_key>
			<wp:meta_value><![CDATA[Assembly 1]]></wp:meta_value>
		</wp:postmeta>
		<wp:postmeta>
			<wp:meta_key><![CDATA[_assembly_id]]></wp:meta_key>
			<wp:meta_value><![CDATA[field_59077aa89c6ff]]></wp:meta_value>
		</wp:postmeta>
		<wp:postmeta>
			<wp:meta_key><![CDATA[assembly_items_0_part_or_sub_assembly]]></wp:meta_key>
			<wp:meta_value><![CDATA[Part]]></wp:meta_value>
		</wp:postmeta>
		<wp:postmeta>
			<wp:meta_key><![CDATA[_assembly_items_0_part_or_sub_assembly]]></wp:meta_key>
			<wp:meta_value><![CDATA[field_5baa9f1eee1b3]]></wp:meta_value>
		</wp:postmeta>
		<wp:postmeta>
			<wp:meta_key><![CDATA[assembly_items_0_quantity]]></wp:meta_key>
			<wp:meta_value><![CDATA[1]]></wp:meta_value>
		</wp:postmeta>
		<wp:postmeta>
			<wp:meta_key><![CDATA[_assembly_items_0_quantity]]></wp:meta_key>
			<wp:meta_value><![CDATA[field_5bb80d0076ac2]]></wp:meta_value>
		</wp:postmeta>
		<wp:postmeta>
			<wp:meta_key><![CDATA[assembly_items_0_item]]></wp:meta_key>
			<wp:meta_value><![CDATA[a:1:{i:0;s:2:"76";}]]></wp:meta_value>
		</wp:postmeta>
		<wp:postmeta>
			<wp:meta_key><![CDATA[_assembly_items_0_item]]></wp:meta_key>
			<wp:meta_value><![CDATA[field_5bb80d0076ac3]]></wp:meta_value>
		</wp:postmeta>
		<wp:postmeta>
			<wp:meta_key><![CDATA[assembly_items_1_part_or_sub_assembly]]></wp:meta_key>
			<wp:meta_value><![CDATA[Part]]></wp:meta_value>
		</wp:postmeta>
		<wp:postmeta>
			<wp:meta_key><![CDATA[_assembly_items_1_part_or_sub_assembly]]></wp:meta_key>
			<wp:meta_value><![CDATA[field_5baa9f1eee1b3]]></wp:meta_value>
		</wp:postmeta>
		<wp:postmeta>
			<wp:meta_key><![CDATA[assembly_items_1_quantity]]></wp:meta_key>
			<wp:meta_value><![CDATA[1]]></wp:meta_value>
		</wp:postmeta>
		<wp:postmeta>
			<wp:meta_key><![CDATA[_assembly_items_1_quantity]]></wp:meta_key>
			<wp:meta_value><![CDATA[field_5bb80d0076ac2]]></wp:meta_value>
		</wp:postmeta>
		<wp:postmeta>
			<wp:meta_key><![CDATA[assembly_items_1_item]]></wp:meta_key>
			<wp:meta_value><![CDATA[a:1:{i:0;s:2:"80";}]]></wp:meta_value>
		</wp:postmeta>
		<wp:postmeta>
			<wp:meta_key><![CDATA[_assembly_items_1_item]]></wp:meta_key>
			<wp:meta_value><![CDATA[field_5bb80d0076ac3]]></wp:meta_value>
		</wp:postmeta>
		<wp:postmeta>
			<wp:meta_key><![CDATA[assembly_items_2_part_or_sub_assembly]]></wp:meta_key>
			<wp:meta_value><![CDATA[Part]]></wp:meta_value>
		</wp:postmeta>
		<wp:postmeta>
			<wp:meta_key><![CDATA[_assembly_items_2_part_or_sub_assembly]]></wp:meta_key>
			<wp:meta_value><![CDATA[field_5baa9f1eee1b3]]></wp:meta_value>
		</wp:postmeta>
		<wp:postmeta>
			<wp:meta_key><![CDATA[assembly_items_2_quantity]]></wp:meta_key>
			<wp:meta_value><![CDATA[2]]></wp:meta_value>
		</wp:postmeta>
		<wp:postmeta>
			<wp:meta_key><![CDATA[_assembly_items_2_quantity]]></wp:meta_key>
			<wp:meta_value><![CDATA[field_5bb80d0076ac2]]></wp:meta_value>
		</wp:postmeta>
		<wp:postmeta>
			<wp:meta_key><![CDATA[assembly_items_2_item]]></wp:meta_key>
			<wp:meta_value><![CDATA[a:1:{i:0;s:2:"82";}]]></wp:meta_value>
		</wp:postmeta>
		<wp:postmeta>
			<wp:meta_key><![CDATA[_assembly_items_2_item]]></wp:meta_key>
			<wp:meta_value><![CDATA[field_5bb80d0076ac3]]></wp:meta_value>
		</wp:postmeta>
		<wp:postmeta>
			<wp:meta_key><![CDATA[assembly_items_3_part_or_sub_assembly]]></wp:meta_key>
			<wp:meta_value><![CDATA[Part]]></wp:meta_value>
		</wp:postmeta>
		<wp:postmeta>
			<wp:meta_key><![CDATA[_assembly_items_3_part_or_sub_assembly]]></wp:meta_key>
			<wp:meta_value><![CDATA[field_5baa9f1eee1b3]]></wp:meta_value>
		</wp:postmeta>
		<wp:postmeta>
			<wp:meta_key><![CDATA[assembly_items_3_quantity]]></wp:meta_key>
			<wp:meta_value><![CDATA[2]]></wp:meta_value>
		</wp:postmeta>
		<wp:postmeta>
			<wp:meta_key><![CDATA[_assembly_items_3_quantity]]></wp:meta_key>
			<wp:meta_value><![CDATA[field_5bb80d0076ac2]]></wp:meta_value>
		</wp:postmeta>
		<wp:postmeta>
			<wp:meta_key><![CDATA[assembly_items_3_item]]></wp:meta_key>
			<wp:meta_value><![CDATA[a:1:{i:0;s:2:"83";}]]></wp:meta_value>
		</wp:postmeta>
		<wp:postmeta>
			<wp:meta_key><![CDATA[_assembly_items_3_item]]></wp:meta_key>
			<wp:meta_value><![CDATA[field_5bb80d0076ac3]]></wp:meta_value>
		</wp:postmeta>
		<wp:postmeta>
			<wp:meta_key><![CDATA[assembly_items]]></wp:meta_key>
			<wp:meta_value><![CDATA[4]]></wp:meta_value>
		</wp:postmeta>
		<wp:postmeta>
			<wp:meta_key><![CDATA[_assembly_items]]></wp:meta_key>
			<wp:meta_value><![CDATA[field_5bb80d0076ac0]]></wp:meta_value>
		</wp:postmeta>
		<wp:postmeta>
			<wp:meta_key><![CDATA[assembly_list]]></wp:meta_key>
			<wp:meta_value><![CDATA[]]></wp:meta_value>
		</wp:postmeta>
		<wp:postmeta>
			<wp:meta_key><![CDATA[_assembly_list]]></wp:meta_key>
			<wp:meta_value><![CDATA[field_5bb80d769c545]]></wp:meta_value>
		</wp:postmeta>
		<wp:postmeta>
			<wp:meta_key><![CDATA[part_list]]></wp:meta_key>
			<wp:meta_value><![CDATA[]]></wp:meta_value>
		</wp:postmeta>
		<wp:postmeta>
			<wp:meta_key><![CDATA[_part_list]]></wp:meta_key>
			<wp:meta_value><![CDATA[field_5bb7fca0a527f]]></wp:meta_value>
		</wp:postmeta>
		<wp:postmeta>
			<wp:meta_key><![CDATA[items]]></wp:meta_key>
			<wp:meta_value><![CDATA[]]></wp:meta_value>
		</wp:postmeta>
		<wp:postmeta>
			<wp:meta_key><![CDATA[_items]]></wp:meta_key>
			<wp:meta_value><![CDATA[field_5bb80c6bc205e]]></wp:meta_value>
		</wp:postmeta>
		<wp:postmeta>
			<wp:meta_key><![CDATA[assembly_items_0_type]]></wp:meta_key>
			<wp:meta_value><![CDATA[Part]]></wp:meta_value>
		</wp:postmeta>
		<wp:postmeta>
			<wp:meta_key><![CDATA[_assembly_items_0_type]]></wp:meta_key>
			<wp:meta_value><![CDATA[field_5bb80d0076ac1]]></wp:meta_value>
		</wp:postmeta>
		<wp:postmeta>
			<wp:meta_key><![CDATA[assembly_items_1_type]]></wp:meta_key>
			<wp:meta_value><![CDATA[Part]]></wp:meta_value>
		</wp:postmeta>
		<wp:postmeta>
			<wp:meta_key><![CDATA[_assembly_items_1_type]]></wp:meta_key>
			<wp:meta_value><![CDATA[field_5bb80d0076ac1]]></wp:meta_value>
		</wp:postmeta>
		<wp:postmeta>
			<wp:meta_key><![CDATA[assembly_items_2_type]]></wp:meta_key>
			<wp:meta_value><![CDATA[Part]]></wp:meta_value>
		</wp:postmeta>
		<wp:postmeta>
			<wp:meta_key><![CDATA[_assembly_items_2_type]]></wp:meta_key>
			<wp:meta_value><![CDATA[field_5bb80d0076ac1]]></wp:meta_value>
		</wp:postmeta>
		<wp:postmeta>
			<wp:meta_key><![CDATA[assembly_items_3_type]]></wp:meta_key>
			<wp:meta_value><![CDATA[Part]]></wp:meta_value>
		</wp:postmeta>
		<wp:postmeta>
			<wp:meta_key><![CDATA[_assembly_items_3_type]]></wp:meta_key>
			<wp:meta_value><![CDATA[field_5bb80d0076ac1]]></wp:meta_value>
		</wp:postmeta>
		<wp:postmeta>
			<wp:meta_key><![CDATA[revision]]></wp:meta_key>
			<wp:meta_value><![CDATA[A]]></wp:meta_value>
		</wp:postmeta>
		<wp:postmeta>
			<wp:meta_key><![CDATA[_revision]]></wp:meta_key>
			<wp:meta_value><![CDATA[field_5ae74515fad9f]]></wp:meta_value>
		</wp:postmeta>
		<wp:postmeta>
			<wp:meta_key><![CDATA[_wp_trash_meta_status]]></wp:meta_key>
			<wp:meta_value><![CDATA[publish]]></wp:meta_value>
		</wp:postmeta>
		<wp:postmeta>
			<wp:meta_key><![CDATA[_wp_trash_meta_time]]></wp:meta_key>
			<wp:meta_value><![CDATA[1538790681]]></wp:meta_value>
		</wp:postmeta>
		<wp:postmeta>
			<wp:meta_key><![CDATA[_wp_desired_post_slug]]></wp:meta_key>
			<wp:meta_value><![CDATA[assembly-1]]></wp:meta_value>
		</wp:postmeta>
	</item>
	<item>
		<title>Assembly 2</title>
		<link>http://localhost/wp/index.php/assembly/assembly-2__trashed/</link>
		<pubDate>Tue, 25 Sep 2018 20:59:02 +0000</pubDate>
		<dc:creator><![CDATA[wp]]></dc:creator>
		<guid isPermaLink="false">http://localhost/wordpress/?post_type=assembly&#038;p=94</guid>
		<description></description>
		<content:encoded><![CDATA[Lorem ipsum dolor sit amet, consectetuer adipiscing elit. Aenean commodo ligula eget dolor. Aenean massa. Cum sociis natoque penatibus et magnis dis parturient montes, nascetur ridiculus mus. Donec quam felis, ultricies nec, pellentesque eu, pretium quis, sem. Nulla consequat massa quis enim. Donec pede justo, fringilla vel, aliquet nec, vulputate eget, arcu. In enim justo, rhoncus ut, imperdiet a, venenatis vitae, justo.]]></content:encoded>
		<excerpt:encoded><![CDATA[]]></excerpt:encoded>
		<wp:post_id>94</wp:post_id>
		<wp:post_date><![CDATA[2018-09-25 20:59:02]]></wp:post_date>
		<wp:post_date_gmt><![CDATA[2018-09-25 20:59:02]]></wp:post_date_gmt>
		<wp:comment_status><![CDATA[closed]]></wp:comment_status>
		<wp:ping_status><![CDATA[closed]]></wp:ping_status>
		<wp:post_name><![CDATA[assembly-2__trashed]]></wp:post_name>
		<wp:status><![CDATA[trash]]></wp:status>
		<wp:post_parent>0</wp:post_parent>
		<wp:menu_order>0</wp:menu_order>
		<wp:post_type><![CDATA[assembly]]></wp:post_type>
		<wp:post_password><![CDATA[]]></wp:post_password>
		<wp:is_sticky>0</wp:is_sticky>
		<wp:postmeta>
			<wp:meta_key><![CDATA[_edit_last]]></wp:meta_key>
			<wp:meta_value><![CDATA[1]]></wp:meta_value>
		</wp:postmeta>
		<wp:postmeta>
			<wp:meta_key><![CDATA[assembly_id]]></wp:meta_key>
			<wp:meta_value><![CDATA[Assembly 2]]></wp:meta_value>
		</wp:postmeta>
		<wp:postmeta>
			<wp:meta_key><![CDATA[_assembly_id]]></wp:meta_key>
			<wp:meta_value><![CDATA[field_59077aa89c6ff]]></wp:meta_value>
		</wp:postmeta>
		<wp:postmeta>
			<wp:meta_key><![CDATA[assembly_items_0_part_or_sub_assembly]]></wp:meta_key>
			<wp:meta_value><![CDATA[Part]]></wp:meta_value>
		</wp:postmeta>
		<wp:postmeta>
			<wp:meta_key><![CDATA[_assembly_items_0_part_or_sub_assembly]]></wp:meta_key>
			<wp:meta_value><![CDATA[field_5baa9f1eee1b3]]></wp:meta_value>
		</wp:postmeta>
		<wp:postmeta>
			<wp:meta_key><![CDATA[assembly_items_0_quantity]]></wp:meta_key>
			<wp:meta_value><![CDATA[2]]></wp:meta_value>
		</wp:postmeta>
		<wp:postmeta>
			<wp:meta_key><![CDATA[_assembly_items_0_quantity]]></wp:meta_key>
			<wp:meta_value><![CDATA[field_58beca774dcd6]]></wp:meta_value>
		</wp:postmeta>
		<wp:postmeta>
			<wp:meta_key><![CDATA[assembly_items_0_item]]></wp:meta_key>
			<wp:meta_value><![CDATA[82]]></wp:meta_value>
		</wp:postmeta>
		<wp:postmeta>
			<wp:meta_key><![CDATA[_assembly_items_0_item]]></wp:meta_key>
			<wp:meta_value><![CDATA[field_58beca404dcd5]]></wp:meta_value>
		</wp:postmeta>
		<wp:postmeta>
			<wp:meta_key><![CDATA[assembly_items_1_part_or_sub_assembly]]></wp:meta_key>
			<wp:meta_value><![CDATA[Part]]></wp:meta_value>
		</wp:postmeta>
		<wp:postmeta>
			<wp:meta_key><![CDATA[_assembly_items_1_part_or_sub_assembly]]></wp:meta_key>
			<wp:meta_value><![CDATA[field_5baa9f1eee1b3]]></wp:meta_value>
		</wp:postmeta>
		<wp:postmeta>
			<wp:meta_key><![CDATA[assembly_items_1_quantity]]></wp:meta_key>
			<wp:meta_value><![CDATA[4]]></wp:meta_value>
		</wp:postmeta>
		<wp:postmeta>
			<wp:meta_key><![CDATA[_assembly_items_1_quantity]]></wp:meta_key>
			<wp:meta_value><![CDATA[field_58beca774dcd6]]></wp:meta_value>
		</wp:postmeta>
		<wp:postmeta>
			<wp:meta_key><![CDATA[assembly_items_1_item]]></wp:meta_key>
			<wp:meta_value><![CDATA[80]]></wp:meta_value>
		</wp:postmeta>
		<wp:postmeta>
			<wp:meta_key><![CDATA[_assembly_items_1_item]]></wp:meta_key>
			<wp:meta_value><![CDATA[field_58beca404dcd5]]></wp:meta_value>
		</wp:postmeta>
		<wp:postmeta>
			<wp:meta_key><![CDATA[assembly_items_2_part_or_sub_assembly]]></wp:meta_key>
			<wp:meta_value><![CDATA[Sub-Assembly]]></wp:meta_value>
		</wp:postmeta>
		<wp:postmeta>
			<wp:meta_key><![CDATA[_assembly_items_2_part_or_sub_assembly]]></wp:meta_key>
			<wp:meta_value><![CDATA[field_5baa9f1eee1b3]]></wp:meta_value>
		</wp:postmeta>
		<wp:postmeta>
			<wp:meta_key><![CDATA[assembly_items_2_quantity]]></wp:meta_key>
			<wp:meta_value><![CDATA[3]]></wp:meta_value>
		</wp:postmeta>
		<wp:postmeta>
			<wp:meta_key><![CDATA[_assembly_items_2_quantity]]></wp:meta_key>
			<wp:meta_value><![CDATA[field_58beca774dcd6]]></wp:meta_value>
		</wp:postmeta>
		<wp:postmeta>
			<wp:meta_key><![CDATA[assembly_items_2_item]]></wp:meta_key>
			<wp:meta_value><![CDATA[84]]></wp:meta_value>
		</wp:postmeta>
		<wp:postmeta>
			<wp:meta_key><![CDATA[_assembly_items_2_item]]></wp:meta_key>
			<wp:meta_value><![CDATA[field_58beca404dcd5]]></wp:meta_value>
		</wp:postmeta>
		<wp:postmeta>
			<wp:meta_key><![CDATA[assembly_items]]></wp:meta_key>
			<wp:meta_value><![CDATA[3]]></wp:meta_value>
		</wp:postmeta>
		<wp:postmeta>
			<wp:meta_key><![CDATA[_assembly_items]]></wp:meta_key>
			<wp:meta_value><![CDATA[field_58bec9fc4dcd4]]></wp:meta_value>
		</wp:postmeta>
		<wp:postmeta>
			<wp:meta_key><![CDATA[_edit_last]]></wp:meta_key>
			<wp:meta_value><![CDATA[1]]></wp:meta_value>
		</wp:postmeta>
		<wp:postmeta>
			<wp:meta_key><![CDATA[assembly_id]]></wp:meta_key>
			<wp:meta_value><![CDATA[Assembly 2]]></wp:meta_value>
		</wp:postmeta>
		<wp:postmeta>
			<wp:meta_key><![CDATA[_assembly_id]]></wp:meta_key>
			<wp:meta_value><![CDATA[field_59077aa89c6ff]]></wp:meta_value>
		</wp:postmeta>
		<wp:postmeta>
			<wp:meta_key><![CDATA[assembly_items_0_part_or_sub_assembly]]></wp:meta_key>
			<wp:meta_value><![CDATA[Part]]></wp:meta_value>
		</wp:postmeta>
		<wp:postmeta>
			<wp:meta_key><![CDATA[_assembly_items_0_part_or_sub_assembly]]></wp:meta_key>
			<wp:meta_value><![CDATA[field_5baa9f1eee1b3]]></wp:meta_value>
		</wp:postmeta>
		<wp:postmeta>
			<wp:meta_key><![CDATA[assembly_items_0_quantity]]></wp:meta_key>
			<wp:meta_value><![CDATA[2]]></wp:meta_value>
		</wp:postmeta>
		<wp:postmeta>
			<wp:meta_key><![CDATA[_assembly_items_0_quantity]]></wp:meta_key>
			<wp:meta_value><![CDATA[field_58beca774dcd6]]></wp:meta_value>
		</wp:postmeta>
		<wp:postmeta>
			<wp:meta_key><![CDATA[assembly_items_0_item]]></wp:meta_key>
			<wp:meta_value><![CDATA[82]]></wp:meta_value>
		</wp:postmeta>
		<wp:postmeta>
			<wp:meta_key><![CDATA[_assembly_items_0_item]]></wp:meta_key>
			<wp:meta_value><![CDATA[field_58beca404dcd5]]></wp:meta_value>
		</wp:postmeta>
		<wp:postmeta>
			<wp:meta_key><![CDATA[assembly_items_1_part_or_sub_assembly]]></wp:meta_key>
			<wp:meta_value><![CDATA[Part]]></wp:meta_value>
		</wp:postmeta>
		<wp:postmeta>
			<wp:meta_key><![CDATA[_assembly_items_1_part_or_sub_assembly]]></wp:meta_key>
			<wp:meta_value><![CDATA[field_5baa9f1eee1b3]]></wp:meta_value>
		</wp:postmeta>
		<wp:postmeta>
			<wp:meta_key><![CDATA[assembly_items_1_quantity]]></wp:meta_key>
			<wp:meta_value><![CDATA[4]]></wp:meta_value>
		</wp:postmeta>
		<wp:postmeta>
			<wp:meta_key><![CDATA[_assembly_items_1_quantity]]></wp:meta_key>
			<wp:meta_value><![CDATA[field_58beca774dcd6]]></wp:meta_value>
		</wp:postmeta>
		<wp:postmeta>
			<wp:meta_key><![CDATA[assembly_items_1_item]]></wp:meta_key>
			<wp:meta_value><![CDATA[80]]></wp:meta_value>
		</wp:postmeta>
		<wp:postmeta>
			<wp:meta_key><![CDATA[_assembly_items_1_item]]></wp:meta_key>
			<wp:meta_value><![CDATA[field_58beca404dcd5]]></wp:meta_value>
		</wp:postmeta>
		<wp:postmeta>
			<wp:meta_key><![CDATA[assembly_items_2_part_or_sub_assembly]]></wp:meta_key>
			<wp:meta_value><![CDATA[Sub-Assembly]]></wp:meta_value>
		</wp:postmeta>
		<wp:postmeta>
			<wp:meta_key><![CDATA[_assembly_items_2_part_or_sub_assembly]]></wp:meta_key>
			<wp:meta_value><![CDATA[field_5baa9f1eee1b3]]></wp:meta_value>
		</wp:postmeta>
		<wp:postmeta>
			<wp:meta_key><![CDATA[assembly_items_2_quantity]]></wp:meta_key>
			<wp:meta_value><![CDATA[3]]></wp:meta_value>
		</wp:postmeta>
		<wp:postmeta>
			<wp:meta_key><![CDATA[_assembly_items_2_quantity]]></wp:meta_key>
			<wp:meta_value><![CDATA[field_58beca774dcd6]]></wp:meta_value>
		</wp:postmeta>
		<wp:postmeta>
			<wp:meta_key><![CDATA[assembly_items_2_item]]></wp:meta_key>
			<wp:meta_value><![CDATA[84]]></wp:meta_value>
		</wp:postmeta>
		<wp:postmeta>
			<wp:meta_key><![CDATA[_assembly_items_2_item]]></wp:meta_key>
			<wp:meta_value><![CDATA[field_58beca404dcd5]]></wp:meta_value>
		</wp:postmeta>
		<wp:postmeta>
			<wp:meta_key><![CDATA[assembly_items]]></wp:meta_key>
			<wp:meta_value><![CDATA[3]]></wp:meta_value>
		</wp:postmeta>
		<wp:postmeta>
			<wp:meta_key><![CDATA[_assembly_items]]></wp:meta_key>
			<wp:meta_value><![CDATA[field_58bec9fc4dcd4]]></wp:meta_value>
		</wp:postmeta>
		<wp:postmeta>
			<wp:meta_key><![CDATA[_wp_trash_meta_status]]></wp:meta_key>
			<wp:meta_value><![CDATA[publish]]></wp:meta_value>
		</wp:postmeta>
		<wp:postmeta>
			<wp:meta_key><![CDATA[_wp_trash_meta_time]]></wp:meta_key>
			<wp:meta_value><![CDATA[1538790681]]></wp:meta_value>
		</wp:postmeta>
		<wp:postmeta>
			<wp:meta_key><![CDATA[_wp_desired_post_slug]]></wp:meta_key>
			<wp:meta_value><![CDATA[assembly-2]]></wp:meta_value>
		</wp:postmeta>
	</item>
	<item>
		<title>Assembly 2 +</title>
		<link>http://localhost/wp/index.php/assembly/assembly-2-2__trashed/</link>
		<pubDate>Tue, 25 Sep 2018 20:59:34 +0000</pubDate>
		<dc:creator><![CDATA[wp]]></dc:creator>
		<guid isPermaLink="false">http://localhost/wordpress/?post_type=assembly&#038;p=97</guid>
		<description></description>
		<content:encoded><![CDATA[Lorem ipsum dolor sit amet, consectetuer adipiscing elit. Aenean commodo ligula eget dolor. Aenean massa. Cum sociis natoque penatibus et magnis dis parturient montes, nascetur ridiculus mus. Donec quam felis, ultricies nec, pellentesque eu, pretium quis, sem. Nulla consequat massa quis enim. Donec pede justo, fringilla vel, aliquet nec, vulputate eget, arcu. In enim justo, rhoncus ut, imperdiet a, venenatis vitae, justo.]]></content:encoded>
		<excerpt:encoded><![CDATA[]]></excerpt:encoded>
		<wp:post_id>97</wp:post_id>
		<wp:post_date><![CDATA[2018-09-25 20:59:34]]></wp:post_date>
		<wp:post_date_gmt><![CDATA[2018-09-25 20:59:34]]></wp:post_date_gmt>
		<wp:comment_status><![CDATA[closed]]></wp:comment_status>
		<wp:ping_status><![CDATA[closed]]></wp:ping_status>
		<wp:post_name><![CDATA[assembly-2-2__trashed]]></wp:post_name>
		<wp:status><![CDATA[trash]]></wp:status>
		<wp:post_parent>0</wp:post_parent>
		<wp:menu_order>0</wp:menu_order>
		<wp:post_type><![CDATA[assembly]]></wp:post_type>
		<wp:post_password><![CDATA[]]></wp:post_password>
		<wp:is_sticky>0</wp:is_sticky>
		<wp:postmeta>
			<wp:meta_key><![CDATA[assembly_id]]></wp:meta_key>
			<wp:meta_value><![CDATA[Assembly 2]]></wp:meta_value>
		</wp:postmeta>
		<wp:postmeta>
			<wp:meta_key><![CDATA[_assembly_id]]></wp:meta_key>
			<wp:meta_value><![CDATA[field_59077aa89c6ff]]></wp:meta_value>
		</wp:postmeta>
		<wp:postmeta>
			<wp:meta_key><![CDATA[assembly_items_0_part_or_sub_assembly]]></wp:meta_key>
			<wp:meta_value><![CDATA[Part]]></wp:meta_value>
		</wp:postmeta>
		<wp:postmeta>
			<wp:meta_key><![CDATA[_assembly_items_0_part_or_sub_assembly]]></wp:meta_key>
			<wp:meta_value><![CDATA[field_5baa9f1eee1b3]]></wp:meta_value>
		</wp:postmeta>
		<wp:postmeta>
			<wp:meta_key><![CDATA[assembly_items_0_quantity]]></wp:meta_key>
			<wp:meta_value><![CDATA[2]]></wp:meta_value>
		</wp:postmeta>
		<wp:postmeta>
			<wp:meta_key><![CDATA[_assembly_items_0_quantity]]></wp:meta_key>
			<wp:meta_value><![CDATA[field_58beca774dcd6]]></wp:meta_value>
		</wp:postmeta>
		<wp:postmeta>
			<wp:meta_key><![CDATA[assembly_items_0_item]]></wp:meta_key>
			<wp:meta_value><![CDATA[82]]></wp:meta_value>
		</wp:postmeta>
		<wp:postmeta>
			<wp:meta_key><![CDATA[_assembly_items_0_item]]></wp:meta_key>
			<wp:meta_value><![CDATA[field_58beca404dcd5]]></wp:meta_value>
		</wp:postmeta>
		<wp:postmeta>
			<wp:meta_key><![CDATA[assembly_items_1_part_or_sub_assembly]]></wp:meta_key>
			<wp:meta_value><![CDATA[Part]]></wp:meta_value>
		</wp:postmeta>
		<wp:postmeta>
			<wp:meta_key><![CDATA[_assembly_items_1_part_or_sub_assembly]]></wp:meta_key>
			<wp:meta_value><![CDATA[field_5baa9f1eee1b3]]></wp:meta_value>
		</wp:postmeta>
		<wp:postmeta>
			<wp:meta_key><![CDATA[assembly_items_1_quantity]]></wp:meta_key>
			<wp:meta_value><![CDATA[4]]></wp:meta_value>
		</wp:postmeta>
		<wp:postmeta>
			<wp:meta_key><![CDATA[_assembly_items_1_quantity]]></wp:meta_key>
			<wp:meta_value><![CDATA[field_58beca774dcd6]]></wp:meta_value>
		</wp:postmeta>
		<wp:postmeta>
			<wp:meta_key><![CDATA[assembly_items_1_item]]></wp:meta_key>
			<wp:meta_value><![CDATA[80]]></wp:meta_value>
		</wp:postmeta>
		<wp:postmeta>
			<wp:meta_key><![CDATA[_assembly_items_1_item]]></wp:meta_key>
			<wp:meta_value><![CDATA[field_58beca404dcd5]]></wp:meta_value>
		</wp:postmeta>
		<wp:postmeta>
			<wp:meta_key><![CDATA[assembly_items_2_part_or_sub_assembly]]></wp:meta_key>
			<wp:meta_value><![CDATA[Sub-Assembly]]></wp:meta_value>
		</wp:postmeta>
		<wp:postmeta>
			<wp:meta_key><![CDATA[_assembly_items_2_part_or_sub_assembly]]></wp:meta_key>
			<wp:meta_value><![CDATA[field_5baa9f1eee1b3]]></wp:meta_value>
		</wp:postmeta>
		<wp:postmeta>
			<wp:meta_key><![CDATA[assembly_items_2_quantity]]></wp:meta_key>
			<wp:meta_value><![CDATA[3]]></wp:meta_value>
		</wp:postmeta>
		<wp:postmeta>
			<wp:meta_key><![CDATA[_assembly_items_2_quantity]]></wp:meta_key>
			<wp:meta_value><![CDATA[field_58beca774dcd6]]></wp:meta_value>
		</wp:postmeta>
		<wp:postmeta>
			<wp:meta_key><![CDATA[assembly_items_2_item]]></wp:meta_key>
			<wp:meta_value><![CDATA[84]]></wp:meta_value>
		</wp:postmeta>
		<wp:postmeta>
			<wp:meta_key><![CDATA[_assembly_items_2_item]]></wp:meta_key>
			<wp:meta_value><![CDATA[field_58beca404dcd5]]></wp:meta_value>
		</wp:postmeta>
		<wp:postmeta>
			<wp:meta_key><![CDATA[assembly_items]]></wp:meta_key>
			<wp:meta_value><![CDATA[3]]></wp:meta_value>
		</wp:postmeta>
		<wp:postmeta>
			<wp:meta_key><![CDATA[_assembly_items]]></wp:meta_key>
			<wp:meta_value><![CDATA[field_58bec9fc4dcd4]]></wp:meta_value>
		</wp:postmeta>
		<wp:postmeta>
			<wp:meta_key><![CDATA[_dp_original]]></wp:meta_key>
			<wp:meta_value><![CDATA[94]]></wp:meta_value>
		</wp:postmeta>
		<wp:postmeta>
			<wp:meta_key><![CDATA[_edit_last]]></wp:meta_key>
			<wp:meta_value><![CDATA[1]]></wp:meta_value>
		</wp:postmeta>
		<wp:postmeta>
			<wp:meta_key><![CDATA[assembly_id]]></wp:meta_key>
			<wp:meta_value><![CDATA[Assembly 2]]></wp:meta_value>
		</wp:postmeta>
		<wp:postmeta>
			<wp:meta_key><![CDATA[_assembly_id]]></wp:meta_key>
			<wp:meta_value><![CDATA[field_59077aa89c6ff]]></wp:meta_value>
		</wp:postmeta>
		<wp:postmeta>
			<wp:meta_key><![CDATA[assembly_items_0_part_or_sub_assembly]]></wp:meta_key>
			<wp:meta_value><![CDATA[Part]]></wp:meta_value>
		</wp:postmeta>
		<wp:postmeta>
			<wp:meta_key><![CDATA[_assembly_items_0_part_or_sub_assembly]]></wp:meta_key>
			<wp:meta_value><![CDATA[field_5baa9f1eee1b3]]></wp:meta_value>
		</wp:postmeta>
		<wp:postmeta>
			<wp:meta_key><![CDATA[assembly_items_0_quantity]]></wp:meta_key>
			<wp:meta_value><![CDATA[2]]></wp:meta_value>
		</wp:postmeta>
		<wp:postmeta>
			<wp:meta_key><![CDATA[_assembly_items_0_quantity]]></wp:meta_key>
			<wp:meta_value><![CDATA[field_58beca774dcd6]]></wp:meta_value>
		</wp:postmeta>
		<wp:postmeta>
			<wp:meta_key><![CDATA[assembly_items_0_item]]></wp:meta_key>
			<wp:meta_value><![CDATA[82]]></wp:meta_value>
		</wp:postmeta>
		<wp:postmeta>
			<wp:meta_key><![CDATA[_assembly_items_0_item]]></wp:meta_key>
			<wp:meta_value><![CDATA[field_58beca404dcd5]]></wp:meta_value>
		</wp:postmeta>
		<wp:postmeta>
			<wp:meta_key><![CDATA[assembly_items_1_part_or_sub_assembly]]></wp:meta_key>
			<wp:meta_value><![CDATA[Part]]></wp:meta_value>
		</wp:postmeta>
		<wp:postmeta>
			<wp:meta_key><![CDATA[_assembly_items_1_part_or_sub_assembly]]></wp:meta_key>
			<wp:meta_value><![CDATA[field_5baa9f1eee1b3]]></wp:meta_value>
		</wp:postmeta>
		<wp:postmeta>
			<wp:meta_key><![CDATA[assembly_items_1_quantity]]></wp:meta_key>
			<wp:meta_value><![CDATA[4]]></wp:meta_value>
		</wp:postmeta>
		<wp:postmeta>
			<wp:meta_key><![CDATA[_assembly_items_1_quantity]]></wp:meta_key>
			<wp:meta_value><![CDATA[field_58beca774dcd6]]></wp:meta_value>
		</wp:postmeta>
		<wp:postmeta>
			<wp:meta_key><![CDATA[assembly_items_1_item]]></wp:meta_key>
			<wp:meta_value><![CDATA[80]]></wp:meta_value>
		</wp:postmeta>
		<wp:postmeta>
			<wp:meta_key><![CDATA[_assembly_items_1_item]]></wp:meta_key>
			<wp:meta_value><![CDATA[field_58beca404dcd5]]></wp:meta_value>
		</wp:postmeta>
		<wp:postmeta>
			<wp:meta_key><![CDATA[assembly_items_2_part_or_sub_assembly]]></wp:meta_key>
			<wp:meta_value><![CDATA[Sub-Assembly]]></wp:meta_value>
		</wp:postmeta>
		<wp:postmeta>
			<wp:meta_key><![CDATA[_assembly_items_2_part_or_sub_assembly]]></wp:meta_key>
			<wp:meta_value><![CDATA[field_5baa9f1eee1b3]]></wp:meta_value>
		</wp:postmeta>
		<wp:postmeta>
			<wp:meta_key><![CDATA[assembly_items_2_quantity]]></wp:meta_key>
			<wp:meta_value><![CDATA[3]]></wp:meta_value>
		</wp:postmeta>
		<wp:postmeta>
			<wp:meta_key><![CDATA[_assembly_items_2_quantity]]></wp:meta_key>
			<wp:meta_value><![CDATA[field_58beca774dcd6]]></wp:meta_value>
		</wp:postmeta>
		<wp:postmeta>
			<wp:meta_key><![CDATA[assembly_items_2_item]]></wp:meta_key>
			<wp:meta_value><![CDATA[84]]></wp:meta_value>
		</wp:postmeta>
		<wp:postmeta>
			<wp:meta_key><![CDATA[_assembly_items_2_item]]></wp:meta_key>
			<wp:meta_value><![CDATA[field_58beca404dcd5]]></wp:meta_value>
		</wp:postmeta>
		<wp:postmeta>
			<wp:meta_key><![CDATA[assembly_items]]></wp:meta_key>
			<wp:meta_value><![CDATA[3]]></wp:meta_value>
		</wp:postmeta>
		<wp:postmeta>
			<wp:meta_key><![CDATA[_assembly_items]]></wp:meta_key>
			<wp:meta_value><![CDATA[field_58bec9fc4dcd4]]></wp:meta_value>
		</wp:postmeta>
		<wp:postmeta>
			<wp:meta_key><![CDATA[_dp_original]]></wp:meta_key>
			<wp:meta_value><![CDATA[94]]></wp:meta_value>
		</wp:postmeta>
		<wp:postmeta>
			<wp:meta_key><![CDATA[_edit_last]]></wp:meta_key>
			<wp:meta_value><![CDATA[1]]></wp:meta_value>
		</wp:postmeta>
		<wp:postmeta>
			<wp:meta_key><![CDATA[_wp_trash_meta_status]]></wp:meta_key>
			<wp:meta_value><![CDATA[publish]]></wp:meta_value>
		</wp:postmeta>
		<wp:postmeta>
			<wp:meta_key><![CDATA[_wp_trash_meta_time]]></wp:meta_key>
			<wp:meta_value><![CDATA[1538790681]]></wp:meta_value>
		</wp:postmeta>
		<wp:postmeta>
			<wp:meta_key><![CDATA[_wp_desired_post_slug]]></wp:meta_key>
			<wp:meta_value><![CDATA[assembly-2-2]]></wp:meta_value>
		</wp:postmeta>
	</item>
	<item>
		<title>Assembly 1 +</title>
		<link>http://localhost/wp/index.php/assembly/assembly-1-2__trashed/</link>
		<pubDate>Tue, 25 Sep 2018 20:59:46 +0000</pubDate>
		<dc:creator><![CDATA[wp]]></dc:creator>
		<guid isPermaLink="false">http://localhost/wordpress/?post_type=assembly&#038;p=99</guid>
		<description></description>
		<content:encoded><![CDATA[<div id="idTextPanel" class="jqDnR">

Lorem ipsum dolor sit amet, consectetuer adipiscing elit. Aenean commodo ligula eget dolor. Aenean massa. Cum sociis natoque penatibus et magnis dis parturient montes, nascetur ridiculus mus. Donec quam felis, ultricies nec, pellentesque eu, pretium quis, sem. Nulla consequat massa quis enim. Donec pede justo, fringilla vel, aliquet nec, vulputate eget, arcu. In enim justo, rhoncus ut, imperdiet a, venenatis vitae, justo.

</div>]]></content:encoded>
		<excerpt:encoded><![CDATA[]]></excerpt:encoded>
		<wp:post_id>99</wp:post_id>
		<wp:post_date><![CDATA[2018-09-25 20:59:46]]></wp:post_date>
		<wp:post_date_gmt><![CDATA[2018-09-25 20:59:46]]></wp:post_date_gmt>
		<wp:comment_status><![CDATA[closed]]></wp:comment_status>
		<wp:ping_status><![CDATA[closed]]></wp:ping_status>
		<wp:post_name><![CDATA[assembly-1-2__trashed]]></wp:post_name>
		<wp:status><![CDATA[trash]]></wp:status>
		<wp:post_parent>0</wp:post_parent>
		<wp:menu_order>0</wp:menu_order>
		<wp:post_type><![CDATA[assembly]]></wp:post_type>
		<wp:post_password><![CDATA[]]></wp:post_password>
		<wp:is_sticky>0</wp:is_sticky>
		<wp:postmeta>
			<wp:meta_key><![CDATA[assembly_id]]></wp:meta_key>
			<wp:meta_value><![CDATA[Assembly 1]]></wp:meta_value>
		</wp:postmeta>
		<wp:postmeta>
			<wp:meta_key><![CDATA[_assembly_id]]></wp:meta_key>
			<wp:meta_value><![CDATA[field_59077aa89c6ff]]></wp:meta_value>
		</wp:postmeta>
		<wp:postmeta>
			<wp:meta_key><![CDATA[assembly_items_0_part_or_sub_assembly]]></wp:meta_key>
			<wp:meta_value><![CDATA[Part]]></wp:meta_value>
		</wp:postmeta>
		<wp:postmeta>
			<wp:meta_key><![CDATA[_assembly_items_0_part_or_sub_assembly]]></wp:meta_key>
			<wp:meta_value><![CDATA[field_5baa9f1eee1b3]]></wp:meta_value>
		</wp:postmeta>
		<wp:postmeta>
			<wp:meta_key><![CDATA[assembly_items_0_quantity]]></wp:meta_key>
			<wp:meta_value><![CDATA[1]]></wp:meta_value>
		</wp:postmeta>
		<wp:postmeta>
			<wp:meta_key><![CDATA[_assembly_items_0_quantity]]></wp:meta_key>
			<wp:meta_value><![CDATA[field_58beca774dcd6]]></wp:meta_value>
		</wp:postmeta>
		<wp:postmeta>
			<wp:meta_key><![CDATA[assembly_items_0_item]]></wp:meta_key>
			<wp:meta_value><![CDATA[76]]></wp:meta_value>
		</wp:postmeta>
		<wp:postmeta>
			<wp:meta_key><![CDATA[_assembly_items_0_item]]></wp:meta_key>
			<wp:meta_value><![CDATA[field_58beca404dcd5]]></wp:meta_value>
		</wp:postmeta>
		<wp:postmeta>
			<wp:meta_key><![CDATA[assembly_items_1_part_or_sub_assembly]]></wp:meta_key>
			<wp:meta_value><![CDATA[Part]]></wp:meta_value>
		</wp:postmeta>
		<wp:postmeta>
			<wp:meta_key><![CDATA[_assembly_items_1_part_or_sub_assembly]]></wp:meta_key>
			<wp:meta_value><![CDATA[field_5baa9f1eee1b3]]></wp:meta_value>
		</wp:postmeta>
		<wp:postmeta>
			<wp:meta_key><![CDATA[assembly_items_1_quantity]]></wp:meta_key>
			<wp:meta_value><![CDATA[1]]></wp:meta_value>
		</wp:postmeta>
		<wp:postmeta>
			<wp:meta_key><![CDATA[_assembly_items_1_quantity]]></wp:meta_key>
			<wp:meta_value><![CDATA[field_58beca774dcd6]]></wp:meta_value>
		</wp:postmeta>
		<wp:postmeta>
			<wp:meta_key><![CDATA[assembly_items_1_item]]></wp:meta_key>
			<wp:meta_value><![CDATA[80]]></wp:meta_value>
		</wp:postmeta>
		<wp:postmeta>
			<wp:meta_key><![CDATA[_assembly_items_1_item]]></wp:meta_key>
			<wp:meta_value><![CDATA[field_58beca404dcd5]]></wp:meta_value>
		</wp:postmeta>
		<wp:postmeta>
			<wp:meta_key><![CDATA[assembly_items_2_part_or_sub_assembly]]></wp:meta_key>
			<wp:meta_value><![CDATA[Part]]></wp:meta_value>
		</wp:postmeta>
		<wp:postmeta>
			<wp:meta_key><![CDATA[_assembly_items_2_part_or_sub_assembly]]></wp:meta_key>
			<wp:meta_value><![CDATA[field_5baa9f1eee1b3]]></wp:meta_value>
		</wp:postmeta>
		<wp:postmeta>
			<wp:meta_key><![CDATA[assembly_items_2_quantity]]></wp:meta_key>
			<wp:meta_value><![CDATA[2]]></wp:meta_value>
		</wp:postmeta>
		<wp:postmeta>
			<wp:meta_key><![CDATA[_assembly_items_2_quantity]]></wp:meta_key>
			<wp:meta_value><![CDATA[field_58beca774dcd6]]></wp:meta_value>
		</wp:postmeta>
		<wp:postmeta>
			<wp:meta_key><![CDATA[assembly_items_2_item]]></wp:meta_key>
			<wp:meta_value><![CDATA[82]]></wp:meta_value>
		</wp:postmeta>
		<wp:postmeta>
			<wp:meta_key><![CDATA[_assembly_items_2_item]]></wp:meta_key>
			<wp:meta_value><![CDATA[field_58beca404dcd5]]></wp:meta_value>
		</wp:postmeta>
		<wp:postmeta>
			<wp:meta_key><![CDATA[assembly_items_3_part_or_sub_assembly]]></wp:meta_key>
			<wp:meta_value><![CDATA[Part]]></wp:meta_value>
		</wp:postmeta>
		<wp:postmeta>
			<wp:meta_key><![CDATA[_assembly_items_3_part_or_sub_assembly]]></wp:meta_key>
			<wp:meta_value><![CDATA[field_5baa9f1eee1b3]]></wp:meta_value>
		</wp:postmeta>
		<wp:postmeta>
			<wp:meta_key><![CDATA[assembly_items_3_quantity]]></wp:meta_key>
			<wp:meta_value><![CDATA[2]]></wp:meta_value>
		</wp:postmeta>
		<wp:postmeta>
			<wp:meta_key><![CDATA[_assembly_items_3_quantity]]></wp:meta_key>
			<wp:meta_value><![CDATA[field_58beca774dcd6]]></wp:meta_value>
		</wp:postmeta>
		<wp:postmeta>
			<wp:meta_key><![CDATA[assembly_items_3_item]]></wp:meta_key>
			<wp:meta_value><![CDATA[83]]></wp:meta_value>
		</wp:postmeta>
		<wp:postmeta>
			<wp:meta_key><![CDATA[_assembly_items_3_item]]></wp:meta_key>
			<wp:meta_value><![CDATA[field_58beca404dcd5]]></wp:meta_value>
		</wp:postmeta>
		<wp:postmeta>
			<wp:meta_key><![CDATA[assembly_items]]></wp:meta_key>
			<wp:meta_value><![CDATA[4]]></wp:meta_value>
		</wp:postmeta>
		<wp:postmeta>
			<wp:meta_key><![CDATA[_assembly_items]]></wp:meta_key>
			<wp:meta_value><![CDATA[field_58bec9fc4dcd4]]></wp:meta_value>
		</wp:postmeta>
		<wp:postmeta>
			<wp:meta_key><![CDATA[_dp_original]]></wp:meta_key>
			<wp:meta_value><![CDATA[84]]></wp:meta_value>
		</wp:postmeta>
		<wp:postmeta>
			<wp:meta_key><![CDATA[_edit_last]]></wp:meta_key>
			<wp:meta_value><![CDATA[1]]></wp:meta_value>
		</wp:postmeta>
		<wp:postmeta>
			<wp:meta_key><![CDATA[assembly_id]]></wp:meta_key>
			<wp:meta_value><![CDATA[Assembly 1]]></wp:meta_value>
		</wp:postmeta>
		<wp:postmeta>
			<wp:meta_key><![CDATA[_assembly_id]]></wp:meta_key>
			<wp:meta_value><![CDATA[field_59077aa89c6ff]]></wp:meta_value>
		</wp:postmeta>
		<wp:postmeta>
			<wp:meta_key><![CDATA[assembly_items_0_part_or_sub_assembly]]></wp:meta_key>
			<wp:meta_value><![CDATA[Part]]></wp:meta_value>
		</wp:postmeta>
		<wp:postmeta>
			<wp:meta_key><![CDATA[_assembly_items_0_part_or_sub_assembly]]></wp:meta_key>
			<wp:meta_value><![CDATA[field_5baa9f1eee1b3]]></wp:meta_value>
		</wp:postmeta>
		<wp:postmeta>
			<wp:meta_key><![CDATA[assembly_items_0_quantity]]></wp:meta_key>
			<wp:meta_value><![CDATA[1]]></wp:meta_value>
		</wp:postmeta>
		<wp:postmeta>
			<wp:meta_key><![CDATA[_assembly_items_0_quantity]]></wp:meta_key>
			<wp:meta_value><![CDATA[field_58beca774dcd6]]></wp:meta_value>
		</wp:postmeta>
		<wp:postmeta>
			<wp:meta_key><![CDATA[assembly_items_0_item]]></wp:meta_key>
			<wp:meta_value><![CDATA[76]]></wp:meta_value>
		</wp:postmeta>
		<wp:postmeta>
			<wp:meta_key><![CDATA[_assembly_items_0_item]]></wp:meta_key>
			<wp:meta_value><![CDATA[field_58beca404dcd5]]></wp:meta_value>
		</wp:postmeta>
		<wp:postmeta>
			<wp:meta_key><![CDATA[assembly_items_1_part_or_sub_assembly]]></wp:meta_key>
			<wp:meta_value><![CDATA[Part]]></wp:meta_value>
		</wp:postmeta>
		<wp:postmeta>
			<wp:meta_key><![CDATA[_assembly_items_1_part_or_sub_assembly]]></wp:meta_key>
			<wp:meta_value><![CDATA[field_5baa9f1eee1b3]]></wp:meta_value>
		</wp:postmeta>
		<wp:postmeta>
			<wp:meta_key><![CDATA[assembly_items_1_quantity]]></wp:meta_key>
			<wp:meta_value><![CDATA[1]]></wp:meta_value>
		</wp:postmeta>
		<wp:postmeta>
			<wp:meta_key><![CDATA[_assembly_items_1_quantity]]></wp:meta_key>
			<wp:meta_value><![CDATA[field_58beca774dcd6]]></wp:meta_value>
		</wp:postmeta>
		<wp:postmeta>
			<wp:meta_key><![CDATA[assembly_items_1_item]]></wp:meta_key>
			<wp:meta_value><![CDATA[80]]></wp:meta_value>
		</wp:postmeta>
		<wp:postmeta>
			<wp:meta_key><![CDATA[_assembly_items_1_item]]></wp:meta_key>
			<wp:meta_value><![CDATA[field_58beca404dcd5]]></wp:meta_value>
		</wp:postmeta>
		<wp:postmeta>
			<wp:meta_key><![CDATA[assembly_items_2_part_or_sub_assembly]]></wp:meta_key>
			<wp:meta_value><![CDATA[Part]]></wp:meta_value>
		</wp:postmeta>
		<wp:postmeta>
			<wp:meta_key><![CDATA[_assembly_items_2_part_or_sub_assembly]]></wp:meta_key>
			<wp:meta_value><![CDATA[field_5baa9f1eee1b3]]></wp:meta_value>
		</wp:postmeta>
		<wp:postmeta>
			<wp:meta_key><![CDATA[assembly_items_2_quantity]]></wp:meta_key>
			<wp:meta_value><![CDATA[2]]></wp:meta_value>
		</wp:postmeta>
		<wp:postmeta>
			<wp:meta_key><![CDATA[_assembly_items_2_quantity]]></wp:meta_key>
			<wp:meta_value><![CDATA[field_58beca774dcd6]]></wp:meta_value>
		</wp:postmeta>
		<wp:postmeta>
			<wp:meta_key><![CDATA[assembly_items_2_item]]></wp:meta_key>
			<wp:meta_value><![CDATA[82]]></wp:meta_value>
		</wp:postmeta>
		<wp:postmeta>
			<wp:meta_key><![CDATA[_assembly_items_2_item]]></wp:meta_key>
			<wp:meta_value><![CDATA[field_58beca404dcd5]]></wp:meta_value>
		</wp:postmeta>
		<wp:postmeta>
			<wp:meta_key><![CDATA[assembly_items_3_part_or_sub_assembly]]></wp:meta_key>
			<wp:meta_value><![CDATA[Part]]></wp:meta_value>
		</wp:postmeta>
		<wp:postmeta>
			<wp:meta_key><![CDATA[_assembly_items_3_part_or_sub_assembly]]></wp:meta_key>
			<wp:meta_value><![CDATA[field_5baa9f1eee1b3]]></wp:meta_value>
		</wp:postmeta>
		<wp:postmeta>
			<wp:meta_key><![CDATA[assembly_items_3_quantity]]></wp:meta_key>
			<wp:meta_value><![CDATA[2]]></wp:meta_value>
		</wp:postmeta>
		<wp:postmeta>
			<wp:meta_key><![CDATA[_assembly_items_3_quantity]]></wp:meta_key>
			<wp:meta_value><![CDATA[field_58beca774dcd6]]></wp:meta_value>
		</wp:postmeta>
		<wp:postmeta>
			<wp:meta_key><![CDATA[assembly_items_3_item]]></wp:meta_key>
			<wp:meta_value><![CDATA[83]]></wp:meta_value>
		</wp:postmeta>
		<wp:postmeta>
			<wp:meta_key><![CDATA[_assembly_items_3_item]]></wp:meta_key>
			<wp:meta_value><![CDATA[field_58beca404dcd5]]></wp:meta_value>
		</wp:postmeta>
		<wp:postmeta>
			<wp:meta_key><![CDATA[assembly_items]]></wp:meta_key>
			<wp:meta_value><![CDATA[4]]></wp:meta_value>
		</wp:postmeta>
		<wp:postmeta>
			<wp:meta_key><![CDATA[_assembly_items]]></wp:meta_key>
			<wp:meta_value><![CDATA[field_58bec9fc4dcd4]]></wp:meta_value>
		</wp:postmeta>
		<wp:postmeta>
			<wp:meta_key><![CDATA[_dp_original]]></wp:meta_key>
			<wp:meta_value><![CDATA[84]]></wp:meta_value>
		</wp:postmeta>
		<wp:postmeta>
			<wp:meta_key><![CDATA[_edit_last]]></wp:meta_key>
			<wp:meta_value><![CDATA[1]]></wp:meta_value>
		</wp:postmeta>
		<wp:postmeta>
			<wp:meta_key><![CDATA[_wp_trash_meta_status]]></wp:meta_key>
			<wp:meta_value><![CDATA[publish]]></wp:meta_value>
		</wp:postmeta>
		<wp:postmeta>
			<wp:meta_key><![CDATA[_wp_trash_meta_time]]></wp:meta_key>
			<wp:meta_value><![CDATA[1538790681]]></wp:meta_value>
		</wp:postmeta>
		<wp:postmeta>
			<wp:meta_key><![CDATA[_wp_desired_post_slug]]></wp:meta_key>
			<wp:meta_value><![CDATA[assembly-1-2]]></wp:meta_value>
		</wp:postmeta>
	</item>
	<item>
		<title>Assembly 3</title>
		<link>http://localhost/wp/index.php/assembly/assembly-3__trashed/</link>
		<pubDate>Tue, 25 Sep 2018 21:00:35 +0000</pubDate>
		<dc:creator><![CDATA[wp]]></dc:creator>
		<guid isPermaLink="false">http://localhost/wordpress/?post_type=assembly&#038;p=100</guid>
		<description></description>
		<content:encoded><![CDATA[Lorem ipsum dolor sit amet, consectetuer adipiscing elit. Aenean commodo ligula eget dolor. Aenean massa. Cum sociis natoque penatibus et magnis dis parturient montes, nascetur ridiculus mus. Donec quam felis, ultricies nec, pellentesque eu, pretium quis, sem. Nulla consequat massa quis enim. Donec pede justo, fringilla vel, aliquet nec, vulputate eget, arcu. In enim justo, rhoncus ut, imperdiet a, venenatis vitae, justo.]]></content:encoded>
		<excerpt:encoded><![CDATA[]]></excerpt:encoded>
		<wp:post_id>100</wp:post_id>
		<wp:post_date><![CDATA[2018-09-25 21:00:35]]></wp:post_date>
		<wp:post_date_gmt><![CDATA[2018-09-25 21:00:35]]></wp:post_date_gmt>
		<wp:comment_status><![CDATA[closed]]></wp:comment_status>
		<wp:ping_status><![CDATA[closed]]></wp:ping_status>
		<wp:post_name><![CDATA[assembly-3__trashed]]></wp:post_name>
		<wp:status><![CDATA[trash]]></wp:status>
		<wp:post_parent>0</wp:post_parent>
		<wp:menu_order>0</wp:menu_order>
		<wp:post_type><![CDATA[assembly]]></wp:post_type>
		<wp:post_password><![CDATA[]]></wp:post_password>
		<wp:is_sticky>0</wp:is_sticky>
		<wp:postmeta>
			<wp:meta_key><![CDATA[assembly_id]]></wp:meta_key>
			<wp:meta_value><![CDATA[Assembly 2]]></wp:meta_value>
		</wp:postmeta>
		<wp:postmeta>
			<wp:meta_key><![CDATA[_assembly_id]]></wp:meta_key>
			<wp:meta_value><![CDATA[field_59077aa89c6ff]]></wp:meta_value>
		</wp:postmeta>
		<wp:postmeta>
			<wp:meta_key><![CDATA[assembly_items_0_part_or_sub_assembly]]></wp:meta_key>
			<wp:meta_value><![CDATA[Sub-Assembly]]></wp:meta_value>
		</wp:postmeta>
		<wp:postmeta>
			<wp:meta_key><![CDATA[_assembly_items_0_part_or_sub_assembly]]></wp:meta_key>
			<wp:meta_value><![CDATA[field_5baa9f1eee1b3]]></wp:meta_value>
		</wp:postmeta>
		<wp:postmeta>
			<wp:meta_key><![CDATA[assembly_items_0_quantity]]></wp:meta_key>
			<wp:meta_value><![CDATA[3]]></wp:meta_value>
		</wp:postmeta>
		<wp:postmeta>
			<wp:meta_key><![CDATA[_assembly_items_0_quantity]]></wp:meta_key>
			<wp:meta_value><![CDATA[field_58beca774dcd6]]></wp:meta_value>
		</wp:postmeta>
		<wp:postmeta>
			<wp:meta_key><![CDATA[assembly_items_0_item]]></wp:meta_key>
			<wp:meta_value><![CDATA[84]]></wp:meta_value>
		</wp:postmeta>
		<wp:postmeta>
			<wp:meta_key><![CDATA[_assembly_items_0_item]]></wp:meta_key>
			<wp:meta_value><![CDATA[field_58beca404dcd5]]></wp:meta_value>
		</wp:postmeta>
		<wp:postmeta>
			<wp:meta_key><![CDATA[assembly_items_1_part_or_sub_assembly]]></wp:meta_key>
			<wp:meta_value><![CDATA[Sub-Assembly]]></wp:meta_value>
		</wp:postmeta>
		<wp:postmeta>
			<wp:meta_key><![CDATA[_assembly_items_1_part_or_sub_assembly]]></wp:meta_key>
			<wp:meta_value><![CDATA[field_5baa9f1eee1b3]]></wp:meta_value>
		</wp:postmeta>
		<wp:postmeta>
			<wp:meta_key><![CDATA[assembly_items_1_quantity]]></wp:meta_key>
			<wp:meta_value><![CDATA[5]]></wp:meta_value>
		</wp:postmeta>
		<wp:postmeta>
			<wp:meta_key><![CDATA[_assembly_items_1_quantity]]></wp:meta_key>
			<wp:meta_value><![CDATA[field_58beca774dcd6]]></wp:meta_value>
		</wp:postmeta>
		<wp:postmeta>
			<wp:meta_key><![CDATA[assembly_items_1_item]]></wp:meta_key>
			<wp:meta_value><![CDATA[99]]></wp:meta_value>
		</wp:postmeta>
		<wp:postmeta>
			<wp:meta_key><![CDATA[_assembly_items_1_item]]></wp:meta_key>
			<wp:meta_value><![CDATA[field_58beca404dcd5]]></wp:meta_value>
		</wp:postmeta>
		<wp:postmeta>
			<wp:meta_key><![CDATA[assembly_items_2_part_or_sub_assembly]]></wp:meta_key>
			<wp:meta_value><![CDATA[Sub-Assembly]]></wp:meta_value>
		</wp:postmeta>
		<wp:postmeta>
			<wp:meta_key><![CDATA[_assembly_items_2_part_or_sub_assembly]]></wp:meta_key>
			<wp:meta_value><![CDATA[field_5baa9f1eee1b3]]></wp:meta_value>
		</wp:postmeta>
		<wp:postmeta>
			<wp:meta_key><![CDATA[assembly_items_2_quantity]]></wp:meta_key>
			<wp:meta_value><![CDATA[3]]></wp:meta_value>
		</wp:postmeta>
		<wp:postmeta>
			<wp:meta_key><![CDATA[_assembly_items_2_quantity]]></wp:meta_key>
			<wp:meta_value><![CDATA[field_58beca774dcd6]]></wp:meta_value>
		</wp:postmeta>
		<wp:postmeta>
			<wp:meta_key><![CDATA[assembly_items_2_item]]></wp:meta_key>
			<wp:meta_value><![CDATA[94]]></wp:meta_value>
		</wp:postmeta>
		<wp:postmeta>
			<wp:meta_key><![CDATA[_assembly_items_2_item]]></wp:meta_key>
			<wp:meta_value><![CDATA[field_58beca404dcd5]]></wp:meta_value>
		</wp:postmeta>
		<wp:postmeta>
			<wp:meta_key><![CDATA[assembly_items]]></wp:meta_key>
			<wp:meta_value><![CDATA[4]]></wp:meta_value>
		</wp:postmeta>
		<wp:postmeta>
			<wp:meta_key><![CDATA[_assembly_items]]></wp:meta_key>
			<wp:meta_value><![CDATA[field_58bec9fc4dcd4]]></wp:meta_value>
		</wp:postmeta>
		<wp:postmeta>
			<wp:meta_key><![CDATA[_dp_original]]></wp:meta_key>
			<wp:meta_value><![CDATA[97]]></wp:meta_value>
		</wp:postmeta>
		<wp:postmeta>
			<wp:meta_key><![CDATA[_edit_last]]></wp:meta_key>
			<wp:meta_value><![CDATA[1]]></wp:meta_value>
		</wp:postmeta>
		<wp:postmeta>
			<wp:meta_key><![CDATA[assembly_items_3_part_or_sub_assembly]]></wp:meta_key>
			<wp:meta_value><![CDATA[Sub-Assembly]]></wp:meta_value>
		</wp:postmeta>
		<wp:postmeta>
			<wp:meta_key><![CDATA[_assembly_items_3_part_or_sub_assembly]]></wp:meta_key>
			<wp:meta_value><![CDATA[field_5baa9f1eee1b3]]></wp:meta_value>
		</wp:postmeta>
		<wp:postmeta>
			<wp:meta_key><![CDATA[assembly_items_3_quantity]]></wp:meta_key>
			<wp:meta_value><![CDATA[8]]></wp:meta_value>
		</wp:postmeta>
		<wp:postmeta>
			<wp:meta_key><![CDATA[_assembly_items_3_quantity]]></wp:meta_key>
			<wp:meta_value><![CDATA[field_58beca774dcd6]]></wp:meta_value>
		</wp:postmeta>
		<wp:postmeta>
			<wp:meta_key><![CDATA[assembly_items_3_item]]></wp:meta_key>
			<wp:meta_value><![CDATA[97]]></wp:meta_value>
		</wp:postmeta>
		<wp:postmeta>
			<wp:meta_key><![CDATA[_assembly_items_3_item]]></wp:meta_key>
			<wp:meta_value><![CDATA[field_58beca404dcd5]]></wp:meta_value>
		</wp:postmeta>
		<wp:postmeta>
			<wp:meta_key><![CDATA[assembly_id]]></wp:meta_key>
			<wp:meta_value><![CDATA[Assembly 2]]></wp:meta_value>
		</wp:postmeta>
		<wp:postmeta>
			<wp:meta_key><![CDATA[_assembly_id]]></wp:meta_key>
			<wp:meta_value><![CDATA[field_59077aa89c6ff]]></wp:meta_value>
		</wp:postmeta>
		<wp:postmeta>
			<wp:meta_key><![CDATA[assembly_items_0_part_or_sub_assembly]]></wp:meta_key>
			<wp:meta_value><![CDATA[Sub-Assembly]]></wp:meta_value>
		</wp:postmeta>
		<wp:postmeta>
			<wp:meta_key><![CDATA[_assembly_items_0_part_or_sub_assembly]]></wp:meta_key>
			<wp:meta_value><![CDATA[field_5baa9f1eee1b3]]></wp:meta_value>
		</wp:postmeta>
		<wp:postmeta>
			<wp:meta_key><![CDATA[assembly_items_0_quantity]]></wp:meta_key>
			<wp:meta_value><![CDATA[3]]></wp:meta_value>
		</wp:postmeta>
		<wp:postmeta>
			<wp:meta_key><![CDATA[_assembly_items_0_quantity]]></wp:meta_key>
			<wp:meta_value><![CDATA[field_58beca774dcd6]]></wp:meta_value>
		</wp:postmeta>
		<wp:postmeta>
			<wp:meta_key><![CDATA[assembly_items_0_item]]></wp:meta_key>
			<wp:meta_value><![CDATA[84]]></wp:meta_value>
		</wp:postmeta>
		<wp:postmeta>
			<wp:meta_key><![CDATA[_assembly_items_0_item]]></wp:meta_key>
			<wp:meta_value><![CDATA[field_58beca404dcd5]]></wp:meta_value>
		</wp:postmeta>
		<wp:postmeta>
			<wp:meta_key><![CDATA[assembly_items_1_part_or_sub_assembly]]></wp:meta_key>
			<wp:meta_value><![CDATA[Sub-Assembly]]></wp:meta_value>
		</wp:postmeta>
		<wp:postmeta>
			<wp:meta_key><![CDATA[_assembly_items_1_part_or_sub_assembly]]></wp:meta_key>
			<wp:meta_value><![CDATA[field_5baa9f1eee1b3]]></wp:meta_value>
		</wp:postmeta>
		<wp:postmeta>
			<wp:meta_key><![CDATA[assembly_items_1_quantity]]></wp:meta_key>
			<wp:meta_value><![CDATA[5]]></wp:meta_value>
		</wp:postmeta>
		<wp:postmeta>
			<wp:meta_key><![CDATA[_assembly_items_1_quantity]]></wp:meta_key>
			<wp:meta_value><![CDATA[field_58beca774dcd6]]></wp:meta_value>
		</wp:postmeta>
		<wp:postmeta>
			<wp:meta_key><![CDATA[assembly_items_1_item]]></wp:meta_key>
			<wp:meta_value><![CDATA[99]]></wp:meta_value>
		</wp:postmeta>
		<wp:postmeta>
			<wp:meta_key><![CDATA[_assembly_items_1_item]]></wp:meta_key>
			<wp:meta_value><![CDATA[field_58beca404dcd5]]></wp:meta_value>
		</wp:postmeta>
		<wp:postmeta>
			<wp:meta_key><![CDATA[assembly_items_2_part_or_sub_assembly]]></wp:meta_key>
			<wp:meta_value><![CDATA[Sub-Assembly]]></wp:meta_value>
		</wp:postmeta>
		<wp:postmeta>
			<wp:meta_key><![CDATA[_assembly_items_2_part_or_sub_assembly]]></wp:meta_key>
			<wp:meta_value><![CDATA[field_5baa9f1eee1b3]]></wp:meta_value>
		</wp:postmeta>
		<wp:postmeta>
			<wp:meta_key><![CDATA[assembly_items_2_quantity]]></wp:meta_key>
			<wp:meta_value><![CDATA[3]]></wp:meta_value>
		</wp:postmeta>
		<wp:postmeta>
			<wp:meta_key><![CDATA[_assembly_items_2_quantity]]></wp:meta_key>
			<wp:meta_value><![CDATA[field_58beca774dcd6]]></wp:meta_value>
		</wp:postmeta>
		<wp:postmeta>
			<wp:meta_key><![CDATA[assembly_items_2_item]]></wp:meta_key>
			<wp:meta_value><![CDATA[94]]></wp:meta_value>
		</wp:postmeta>
		<wp:postmeta>
			<wp:meta_key><![CDATA[_assembly_items_2_item]]></wp:meta_key>
			<wp:meta_value><![CDATA[field_58beca404dcd5]]></wp:meta_value>
		</wp:postmeta>
		<wp:postmeta>
			<wp:meta_key><![CDATA[assembly_items]]></wp:meta_key>
			<wp:meta_value><![CDATA[4]]></wp:meta_value>
		</wp:postmeta>
		<wp:postmeta>
			<wp:meta_key><![CDATA[_assembly_items]]></wp:meta_key>
			<wp:meta_value><![CDATA[field_58bec9fc4dcd4]]></wp:meta_value>
		</wp:postmeta>
		<wp:postmeta>
			<wp:meta_key><![CDATA[_dp_original]]></wp:meta_key>
			<wp:meta_value><![CDATA[97]]></wp:meta_value>
		</wp:postmeta>
		<wp:postmeta>
			<wp:meta_key><![CDATA[_edit_last]]></wp:meta_key>
			<wp:meta_value><![CDATA[1]]></wp:meta_value>
		</wp:postmeta>
		<wp:postmeta>
			<wp:meta_key><![CDATA[assembly_items_3_part_or_sub_assembly]]></wp:meta_key>
			<wp:meta_value><![CDATA[Sub-Assembly]]></wp:meta_value>
		</wp:postmeta>
		<wp:postmeta>
			<wp:meta_key><![CDATA[_assembly_items_3_part_or_sub_assembly]]></wp:meta_key>
			<wp:meta_value><![CDATA[field_5baa9f1eee1b3]]></wp:meta_value>
		</wp:postmeta>
		<wp:postmeta>
			<wp:meta_key><![CDATA[assembly_items_3_quantity]]></wp:meta_key>
			<wp:meta_value><![CDATA[8]]></wp:meta_value>
		</wp:postmeta>
		<wp:postmeta>
			<wp:meta_key><![CDATA[_assembly_items_3_quantity]]></wp:meta_key>
			<wp:meta_value><![CDATA[field_58beca774dcd6]]></wp:meta_value>
		</wp:postmeta>
		<wp:postmeta>
			<wp:meta_key><![CDATA[assembly_items_3_item]]></wp:meta_key>
			<wp:meta_value><![CDATA[97]]></wp:meta_value>
		</wp:postmeta>
		<wp:postmeta>
			<wp:meta_key><![CDATA[_assembly_items_3_item]]></wp:meta_key>
			<wp:meta_value><![CDATA[field_58beca404dcd5]]></wp:meta_value>
		</wp:postmeta>
		<wp:postmeta>
			<wp:meta_key><![CDATA[_wp_trash_meta_status]]></wp:meta_key>
			<wp:meta_value><![CDATA[publish]]></wp:meta_value>
		</wp:postmeta>
		<wp:postmeta>
			<wp:meta_key><![CDATA[_wp_trash_meta_time]]></wp:meta_key>
			<wp:meta_value><![CDATA[1538790682]]></wp:meta_value>
		</wp:postmeta>
		<wp:postmeta>
			<wp:meta_key><![CDATA[_wp_desired_post_slug]]></wp:meta_key>
			<wp:meta_value><![CDATA[assembly-3]]></wp:meta_value>
		</wp:postmeta>
	</item>
	<item>
		<title>Assembly 3 +</title>
		<link>http://localhost/wp/index.php/assembly/assembly-3-2__trashed/</link>
		<pubDate>Tue, 25 Sep 2018 21:00:45 +0000</pubDate>
		<dc:creator><![CDATA[wp]]></dc:creator>
		<guid isPermaLink="false">http://localhost/wordpress/?post_type=assembly&#038;p=103</guid>
		<description></description>
		<content:encoded><![CDATA[Lorem ipsum dolor sit amet, consectetuer adipiscing elit. Aenean commodo ligula eget dolor. Aenean massa. Cum sociis natoque penatibus et magnis dis parturient montes, nascetur ridiculus mus. Donec quam felis, ultricies nec, pellentesque eu, pretium quis, sem. Nulla consequat massa quis enim. Donec pede justo, fringilla vel, aliquet nec, vulputate eget, arcu. In enim justo, rhoncus ut, imperdiet a, venenatis vitae, justo.]]></content:encoded>
		<excerpt:encoded><![CDATA[]]></excerpt:encoded>
		<wp:post_id>103</wp:post_id>
		<wp:post_date><![CDATA[2018-09-25 21:00:45]]></wp:post_date>
		<wp:post_date_gmt><![CDATA[2018-09-25 21:00:45]]></wp:post_date_gmt>
		<wp:comment_status><![CDATA[closed]]></wp:comment_status>
		<wp:ping_status><![CDATA[closed]]></wp:ping_status>
		<wp:post_name><![CDATA[assembly-3-2__trashed]]></wp:post_name>
		<wp:status><![CDATA[trash]]></wp:status>
		<wp:post_parent>0</wp:post_parent>
		<wp:menu_order>0</wp:menu_order>
		<wp:post_type><![CDATA[assembly]]></wp:post_type>
		<wp:post_password><![CDATA[]]></wp:post_password>
		<wp:is_sticky>0</wp:is_sticky>
		<wp:postmeta>
			<wp:meta_key><![CDATA[assembly_id]]></wp:meta_key>
			<wp:meta_value><![CDATA[Assembly 2]]></wp:meta_value>
		</wp:postmeta>
		<wp:postmeta>
			<wp:meta_key><![CDATA[_assembly_id]]></wp:meta_key>
			<wp:meta_value><![CDATA[field_59077aa89c6ff]]></wp:meta_value>
		</wp:postmeta>
		<wp:postmeta>
			<wp:meta_key><![CDATA[assembly_items_0_part_or_sub_assembly]]></wp:meta_key>
			<wp:meta_value><![CDATA[Sub-Assembly]]></wp:meta_value>
		</wp:postmeta>
		<wp:postmeta>
			<wp:meta_key><![CDATA[_assembly_items_0_part_or_sub_assembly]]></wp:meta_key>
			<wp:meta_value><![CDATA[field_5baa9f1eee1b3]]></wp:meta_value>
		</wp:postmeta>
		<wp:postmeta>
			<wp:meta_key><![CDATA[assembly_items_0_quantity]]></wp:meta_key>
			<wp:meta_value><![CDATA[3]]></wp:meta_value>
		</wp:postmeta>
		<wp:postmeta>
			<wp:meta_key><![CDATA[_assembly_items_0_quantity]]></wp:meta_key>
			<wp:meta_value><![CDATA[field_58beca774dcd6]]></wp:meta_value>
		</wp:postmeta>
		<wp:postmeta>
			<wp:meta_key><![CDATA[assembly_items_0_item]]></wp:meta_key>
			<wp:meta_value><![CDATA[84]]></wp:meta_value>
		</wp:postmeta>
		<wp:postmeta>
			<wp:meta_key><![CDATA[_assembly_items_0_item]]></wp:meta_key>
			<wp:meta_value><![CDATA[field_58beca404dcd5]]></wp:meta_value>
		</wp:postmeta>
		<wp:postmeta>
			<wp:meta_key><![CDATA[assembly_items_1_part_or_sub_assembly]]></wp:meta_key>
			<wp:meta_value><![CDATA[Sub-Assembly]]></wp:meta_value>
		</wp:postmeta>
		<wp:postmeta>
			<wp:meta_key><![CDATA[_assembly_items_1_part_or_sub_assembly]]></wp:meta_key>
			<wp:meta_value><![CDATA[field_5baa9f1eee1b3]]></wp:meta_value>
		</wp:postmeta>
		<wp:postmeta>
			<wp:meta_key><![CDATA[assembly_items_1_quantity]]></wp:meta_key>
			<wp:meta_value><![CDATA[5]]></wp:meta_value>
		</wp:postmeta>
		<wp:postmeta>
			<wp:meta_key><![CDATA[_assembly_items_1_quantity]]></wp:meta_key>
			<wp:meta_value><![CDATA[field_58beca774dcd6]]></wp:meta_value>
		</wp:postmeta>
		<wp:postmeta>
			<wp:meta_key><![CDATA[assembly_items_1_item]]></wp:meta_key>
			<wp:meta_value><![CDATA[99]]></wp:meta_value>
		</wp:postmeta>
		<wp:postmeta>
			<wp:meta_key><![CDATA[_assembly_items_1_item]]></wp:meta_key>
			<wp:meta_value><![CDATA[field_58beca404dcd5]]></wp:meta_value>
		</wp:postmeta>
		<wp:postmeta>
			<wp:meta_key><![CDATA[assembly_items_2_part_or_sub_assembly]]></wp:meta_key>
			<wp:meta_value><![CDATA[Sub-Assembly]]></wp:meta_value>
		</wp:postmeta>
		<wp:postmeta>
			<wp:meta_key><![CDATA[_assembly_items_2_part_or_sub_assembly]]></wp:meta_key>
			<wp:meta_value><![CDATA[field_5baa9f1eee1b3]]></wp:meta_value>
		</wp:postmeta>
		<wp:postmeta>
			<wp:meta_key><![CDATA[assembly_items_2_quantity]]></wp:meta_key>
			<wp:meta_value><![CDATA[3]]></wp:meta_value>
		</wp:postmeta>
		<wp:postmeta>
			<wp:meta_key><![CDATA[_assembly_items_2_quantity]]></wp:meta_key>
			<wp:meta_value><![CDATA[field_58beca774dcd6]]></wp:meta_value>
		</wp:postmeta>
		<wp:postmeta>
			<wp:meta_key><![CDATA[assembly_items_2_item]]></wp:meta_key>
			<wp:meta_value><![CDATA[94]]></wp:meta_value>
		</wp:postmeta>
		<wp:postmeta>
			<wp:meta_key><![CDATA[_assembly_items_2_item]]></wp:meta_key>
			<wp:meta_value><![CDATA[field_58beca404dcd5]]></wp:meta_value>
		</wp:postmeta>
		<wp:postmeta>
			<wp:meta_key><![CDATA[assembly_items]]></wp:meta_key>
			<wp:meta_value><![CDATA[4]]></wp:meta_value>
		</wp:postmeta>
		<wp:postmeta>
			<wp:meta_key><![CDATA[_assembly_items]]></wp:meta_key>
			<wp:meta_value><![CDATA[field_58bec9fc4dcd4]]></wp:meta_value>
		</wp:postmeta>
		<wp:postmeta>
			<wp:meta_key><![CDATA[assembly_items_3_part_or_sub_assembly]]></wp:meta_key>
			<wp:meta_value><![CDATA[Sub-Assembly]]></wp:meta_value>
		</wp:postmeta>
		<wp:postmeta>
			<wp:meta_key><![CDATA[_assembly_items_3_part_or_sub_assembly]]></wp:meta_key>
			<wp:meta_value><![CDATA[field_5baa9f1eee1b3]]></wp:meta_value>
		</wp:postmeta>
		<wp:postmeta>
			<wp:meta_key><![CDATA[assembly_items_3_quantity]]></wp:meta_key>
			<wp:meta_value><![CDATA[8]]></wp:meta_value>
		</wp:postmeta>
		<wp:postmeta>
			<wp:meta_key><![CDATA[_assembly_items_3_quantity]]></wp:meta_key>
			<wp:meta_value><![CDATA[field_58beca774dcd6]]></wp:meta_value>
		</wp:postmeta>
		<wp:postmeta>
			<wp:meta_key><![CDATA[assembly_items_3_item]]></wp:meta_key>
			<wp:meta_value><![CDATA[97]]></wp:meta_value>
		</wp:postmeta>
		<wp:postmeta>
			<wp:meta_key><![CDATA[_assembly_items_3_item]]></wp:meta_key>
			<wp:meta_value><![CDATA[field_58beca404dcd5]]></wp:meta_value>
		</wp:postmeta>
		<wp:postmeta>
			<wp:meta_key><![CDATA[_dp_original]]></wp:meta_key>
			<wp:meta_value><![CDATA[100]]></wp:meta_value>
		</wp:postmeta>
		<wp:postmeta>
			<wp:meta_key><![CDATA[_edit_last]]></wp:meta_key>
			<wp:meta_value><![CDATA[1]]></wp:meta_value>
		</wp:postmeta>
		<wp:postmeta>
			<wp:meta_key><![CDATA[assembly_id]]></wp:meta_key>
			<wp:meta_value><![CDATA[Assembly 2]]></wp:meta_value>
		</wp:postmeta>
		<wp:postmeta>
			<wp:meta_key><![CDATA[_assembly_id]]></wp:meta_key>
			<wp:meta_value><![CDATA[field_59077aa89c6ff]]></wp:meta_value>
		</wp:postmeta>
		<wp:postmeta>
			<wp:meta_key><![CDATA[assembly_items_0_part_or_sub_assembly]]></wp:meta_key>
			<wp:meta_value><![CDATA[Sub-Assembly]]></wp:meta_value>
		</wp:postmeta>
		<wp:postmeta>
			<wp:meta_key><![CDATA[_assembly_items_0_part_or_sub_assembly]]></wp:meta_key>
			<wp:meta_value><![CDATA[field_5baa9f1eee1b3]]></wp:meta_value>
		</wp:postmeta>
		<wp:postmeta>
			<wp:meta_key><![CDATA[assembly_items_0_quantity]]></wp:meta_key>
			<wp:meta_value><![CDATA[3]]></wp:meta_value>
		</wp:postmeta>
		<wp:postmeta>
			<wp:meta_key><![CDATA[_assembly_items_0_quantity]]></wp:meta_key>
			<wp:meta_value><![CDATA[field_58beca774dcd6]]></wp:meta_value>
		</wp:postmeta>
		<wp:postmeta>
			<wp:meta_key><![CDATA[assembly_items_0_item]]></wp:meta_key>
			<wp:meta_value><![CDATA[84]]></wp:meta_value>
		</wp:postmeta>
		<wp:postmeta>
			<wp:meta_key><![CDATA[_assembly_items_0_item]]></wp:meta_key>
			<wp:meta_value><![CDATA[field_58beca404dcd5]]></wp:meta_value>
		</wp:postmeta>
		<wp:postmeta>
			<wp:meta_key><![CDATA[assembly_items_1_part_or_sub_assembly]]></wp:meta_key>
			<wp:meta_value><![CDATA[Sub-Assembly]]></wp:meta_value>
		</wp:postmeta>
		<wp:postmeta>
			<wp:meta_key><![CDATA[_assembly_items_1_part_or_sub_assembly]]></wp:meta_key>
			<wp:meta_value><![CDATA[field_5baa9f1eee1b3]]></wp:meta_value>
		</wp:postmeta>
		<wp:postmeta>
			<wp:meta_key><![CDATA[assembly_items_1_quantity]]></wp:meta_key>
			<wp:meta_value><![CDATA[5]]></wp:meta_value>
		</wp:postmeta>
		<wp:postmeta>
			<wp:meta_key><![CDATA[_assembly_items_1_quantity]]></wp:meta_key>
			<wp:meta_value><![CDATA[field_58beca774dcd6]]></wp:meta_value>
		</wp:postmeta>
		<wp:postmeta>
			<wp:meta_key><![CDATA[assembly_items_1_item]]></wp:meta_key>
			<wp:meta_value><![CDATA[99]]></wp:meta_value>
		</wp:postmeta>
		<wp:postmeta>
			<wp:meta_key><![CDATA[_assembly_items_1_item]]></wp:meta_key>
			<wp:meta_value><![CDATA[field_58beca404dcd5]]></wp:meta_value>
		</wp:postmeta>
		<wp:postmeta>
			<wp:meta_key><![CDATA[assembly_items_2_part_or_sub_assembly]]></wp:meta_key>
			<wp:meta_value><![CDATA[Sub-Assembly]]></wp:meta_value>
		</wp:postmeta>
		<wp:postmeta>
			<wp:meta_key><![CDATA[_assembly_items_2_part_or_sub_assembly]]></wp:meta_key>
			<wp:meta_value><![CDATA[field_5baa9f1eee1b3]]></wp:meta_value>
		</wp:postmeta>
		<wp:postmeta>
			<wp:meta_key><![CDATA[assembly_items_2_quantity]]></wp:meta_key>
			<wp:meta_value><![CDATA[3]]></wp:meta_value>
		</wp:postmeta>
		<wp:postmeta>
			<wp:meta_key><![CDATA[_assembly_items_2_quantity]]></wp:meta_key>
			<wp:meta_value><![CDATA[field_58beca774dcd6]]></wp:meta_value>
		</wp:postmeta>
		<wp:postmeta>
			<wp:meta_key><![CDATA[assembly_items_2_item]]></wp:meta_key>
			<wp:meta_value><![CDATA[94]]></wp:meta_value>
		</wp:postmeta>
		<wp:postmeta>
			<wp:meta_key><![CDATA[_assembly_items_2_item]]></wp:meta_key>
			<wp:meta_value><![CDATA[field_58beca404dcd5]]></wp:meta_value>
		</wp:postmeta>
		<wp:postmeta>
			<wp:meta_key><![CDATA[assembly_items]]></wp:meta_key>
			<wp:meta_value><![CDATA[4]]></wp:meta_value>
		</wp:postmeta>
		<wp:postmeta>
			<wp:meta_key><![CDATA[_assembly_items]]></wp:meta_key>
			<wp:meta_value><![CDATA[field_58bec9fc4dcd4]]></wp:meta_value>
		</wp:postmeta>
		<wp:postmeta>
			<wp:meta_key><![CDATA[assembly_items_3_part_or_sub_assembly]]></wp:meta_key>
			<wp:meta_value><![CDATA[Sub-Assembly]]></wp:meta_value>
		</wp:postmeta>
		<wp:postmeta>
			<wp:meta_key><![CDATA[_assembly_items_3_part_or_sub_assembly]]></wp:meta_key>
			<wp:meta_value><![CDATA[field_5baa9f1eee1b3]]></wp:meta_value>
		</wp:postmeta>
		<wp:postmeta>
			<wp:meta_key><![CDATA[assembly_items_3_quantity]]></wp:meta_key>
			<wp:meta_value><![CDATA[8]]></wp:meta_value>
		</wp:postmeta>
		<wp:postmeta>
			<wp:meta_key><![CDATA[_assembly_items_3_quantity]]></wp:meta_key>
			<wp:meta_value><![CDATA[field_58beca774dcd6]]></wp:meta_value>
		</wp:postmeta>
		<wp:postmeta>
			<wp:meta_key><![CDATA[assembly_items_3_item]]></wp:meta_key>
			<wp:meta_value><![CDATA[97]]></wp:meta_value>
		</wp:postmeta>
		<wp:postmeta>
			<wp:meta_key><![CDATA[_assembly_items_3_item]]></wp:meta_key>
			<wp:meta_value><![CDATA[field_58beca404dcd5]]></wp:meta_value>
		</wp:postmeta>
		<wp:postmeta>
			<wp:meta_key><![CDATA[_dp_original]]></wp:meta_key>
			<wp:meta_value><![CDATA[100]]></wp:meta_value>
		</wp:postmeta>
		<wp:postmeta>
			<wp:meta_key><![CDATA[_edit_last]]></wp:meta_key>
			<wp:meta_value><![CDATA[1]]></wp:meta_value>
		</wp:postmeta>
		<wp:postmeta>
			<wp:meta_key><![CDATA[_wp_trash_meta_status]]></wp:meta_key>
			<wp:meta_value><![CDATA[publish]]></wp:meta_value>
		</wp:postmeta>
		<wp:postmeta>
			<wp:meta_key><![CDATA[_wp_trash_meta_time]]></wp:meta_key>
			<wp:meta_value><![CDATA[1538790682]]></wp:meta_value>
		</wp:postmeta>
		<wp:postmeta>
			<wp:meta_key><![CDATA[_wp_desired_post_slug]]></wp:meta_key>
			<wp:meta_value><![CDATA[assembly-3-2]]></wp:meta_value>
		</wp:postmeta>
	</item>
	<item>
		<title>AD4343</title>
		<link>http://localhost/wp/?post_type=assembly&#038;p=5636</link>
		<pubDate>Mon, 30 Nov -0001 00:00:00 +0000</pubDate>
		<dc:creator><![CDATA[wp]]></dc:creator>
		<guid isPermaLink="false">http://localhost/wp/?post_type=assembly&#038;p=5636</guid>
		<description></description>
		<content:encoded><![CDATA[]]></content:encoded>
		<excerpt:encoded><![CDATA[]]></excerpt:encoded>
		<wp:post_id>5636</wp:post_id>
		<wp:post_date><![CDATA[2018-10-06 01:55:03]]></wp:post_date>
		<wp:post_date_gmt><![CDATA[0000-00-00 00:00:00]]></wp:post_date_gmt>
		<wp:comment_status><![CDATA[closed]]></wp:comment_status>
		<wp:ping_status><![CDATA[closed]]></wp:ping_status>
		<wp:post_name><![CDATA[]]></wp:post_name>
		<wp:status><![CDATA[draft]]></wp:status>
		<wp:post_parent>0</wp:post_parent>
		<wp:menu_order>0</wp:menu_order>
		<wp:post_type><![CDATA[assembly]]></wp:post_type>
		<wp:post_password><![CDATA[]]></wp:post_password>
		<wp:is_sticky>0</wp:is_sticky>
		<wp:postmeta>
			<wp:meta_key><![CDATA[_edit_last]]></wp:meta_key>
			<wp:meta_value><![CDATA[1]]></wp:meta_value>
		</wp:postmeta>
	</item>
	<item>
		<title>AD4343</title>
		<link>http://localhost/wp/index.php/assembly/ad4343/</link>
		<pubDate>Sat, 06 Oct 2018 01:56:22 +0000</pubDate>
		<dc:creator><![CDATA[wp]]></dc:creator>
		<guid isPermaLink="false">http://localhost/wp/?post_type=assembly&#038;p=5637</guid>
		<description></description>
		<content:encoded><![CDATA[AD4343]]></content:encoded>
		<excerpt:encoded><![CDATA[]]></excerpt:encoded>
		<wp:post_id>5637</wp:post_id>
		<wp:post_date><![CDATA[2018-10-06 01:56:22]]></wp:post_date>
		<wp:post_date_gmt><![CDATA[2018-10-06 01:56:22]]></wp:post_date_gmt>
		<wp:comment_status><![CDATA[closed]]></wp:comment_status>
		<wp:ping_status><![CDATA[closed]]></wp:ping_status>
		<wp:post_name><![CDATA[ad4343]]></wp:post_name>
		<wp:status><![CDATA[publish]]></wp:status>
		<wp:post_parent>0</wp:post_parent>
		<wp:menu_order>0</wp:menu_order>
		<wp:post_type><![CDATA[assembly]]></wp:post_type>
		<wp:post_password><![CDATA[]]></wp:post_password>
		<wp:is_sticky>0</wp:is_sticky>
		<category domain="vendor" nicename="ifco"><![CDATA[IFCO]]></category>
		<wp:postmeta>
			<wp:meta_key><![CDATA[_edit_last]]></wp:meta_key>
			<wp:meta_value><![CDATA[1]]></wp:meta_value>
		</wp:postmeta>
		<wp:postmeta>
			<wp:meta_key><![CDATA[_thumbnail_id]]></wp:meta_key>
			<wp:meta_value><![CDATA[5460]]></wp:meta_value>
		</wp:postmeta>
		<wp:postmeta>
			<wp:meta_key><![CDATA[assembly_id]]></wp:meta_key>
			<wp:meta_value><![CDATA[AD4343]]></wp:meta_value>
		</wp:postmeta>
		<wp:postmeta>
			<wp:meta_key><![CDATA[_assembly_id]]></wp:meta_key>
			<wp:meta_value><![CDATA[field_59077aa89c6ff]]></wp:meta_value>
		</wp:postmeta>
		<wp:postmeta>
			<wp:meta_key><![CDATA[assembly_list]]></wp:meta_key>
			<wp:meta_value><![CDATA[]]></wp:meta_value>
		</wp:postmeta>
		<wp:postmeta>
			<wp:meta_key><![CDATA[_assembly_list]]></wp:meta_key>
			<wp:meta_value><![CDATA[field_5bb80d769c545]]></wp:meta_value>
		</wp:postmeta>
		<wp:postmeta>
			<wp:meta_key><![CDATA[object_list]]></wp:meta_key>
			<wp:meta_value><![CDATA[]]></wp:meta_value>
		</wp:postmeta>
		<wp:postmeta>
			<wp:meta_key><![CDATA[_object_list]]></wp:meta_key>
			<wp:meta_value><![CDATA[field_5bb813757ccd5]]></wp:meta_value>
		</wp:postmeta>
		<wp:postmeta>
			<wp:meta_key><![CDATA[items_0_level]]></wp:meta_key>
			<wp:meta_value><![CDATA[1]]></wp:meta_value>
		</wp:postmeta>
		<wp:postmeta>
			<wp:meta_key><![CDATA[_items_0_level]]></wp:meta_key>
			<wp:meta_value><![CDATA[field_5bb814c6de101]]></wp:meta_value>
		</wp:postmeta>
		<wp:postmeta>
			<wp:meta_key><![CDATA[items_0_type]]></wp:meta_key>
			<wp:meta_value><![CDATA[Part]]></wp:meta_value>
		</wp:postmeta>
		<wp:postmeta>
			<wp:meta_key><![CDATA[_items_0_type]]></wp:meta_key>
			<wp:meta_value><![CDATA[field_5bb80c6cc205f]]></wp:meta_value>
		</wp:postmeta>
		<wp:postmeta>
			<wp:meta_key><![CDATA[items_0_quantity]]></wp:meta_key>
			<wp:meta_value><![CDATA[3]]></wp:meta_value>
		</wp:postmeta>
		<wp:postmeta>
			<wp:meta_key><![CDATA[_items_0_quantity]]></wp:meta_key>
			<wp:meta_value><![CDATA[field_5bb80c6cc2062]]></wp:meta_value>
		</wp:postmeta>
		<wp:postmeta>
			<wp:meta_key><![CDATA[items_0_item]]></wp:meta_key>
			<wp:meta_value><![CDATA[5632]]></wp:meta_value>
		</wp:postmeta>
		<wp:postmeta>
			<wp:meta_key><![CDATA[_items_0_item]]></wp:meta_key>
			<wp:meta_value><![CDATA[field_5bb80c6cc2061]]></wp:meta_value>
		</wp:postmeta>
		<wp:postmeta>
			<wp:meta_key><![CDATA[items_1_level]]></wp:meta_key>
			<wp:meta_value><![CDATA[1]]></wp:meta_value>
		</wp:postmeta>
		<wp:postmeta>
			<wp:meta_key><![CDATA[_items_1_level]]></wp:meta_key>
			<wp:meta_value><![CDATA[field_5bb814c6de101]]></wp:meta_value>
		</wp:postmeta>
		<wp:postmeta>
			<wp:meta_key><![CDATA[items_1_type]]></wp:meta_key>
			<wp:meta_value><![CDATA[Part]]></wp:meta_value>
		</wp:postmeta>
		<wp:postmeta>
			<wp:meta_key><![CDATA[_items_1_type]]></wp:meta_key>
			<wp:meta_value><![CDATA[field_5bb80c6cc205f]]></wp:meta_value>
		</wp:postmeta>
		<wp:postmeta>
			<wp:meta_key><![CDATA[items_1_quantity]]></wp:meta_key>
			<wp:meta_value><![CDATA[6]]></wp:meta_value>
		</wp:postmeta>
		<wp:postmeta>
			<wp:meta_key><![CDATA[_items_1_quantity]]></wp:meta_key>
			<wp:meta_value><![CDATA[field_5bb80c6cc2062]]></wp:meta_value>
		</wp:postmeta>
		<wp:postmeta>
			<wp:meta_key><![CDATA[items_1_item]]></wp:meta_key>
			<wp:meta_value><![CDATA[5634]]></wp:meta_value>
		</wp:postmeta>
		<wp:postmeta>
			<wp:meta_key><![CDATA[_items_1_item]]></wp:meta_key>
			<wp:meta_value><![CDATA[field_5bb80c6cc2061]]></wp:meta_value>
		</wp:postmeta>
		<wp:postmeta>
			<wp:meta_key><![CDATA[items]]></wp:meta_key>
			<wp:meta_value><![CDATA[2]]></wp:meta_value>
		</wp:postmeta>
		<wp:postmeta>
			<wp:meta_key><![CDATA[_items]]></wp:meta_key>
			<wp:meta_value><![CDATA[field_5bb80c6bc205e]]></wp:meta_value>
		</wp:postmeta>
		<wp:postmeta>
			<wp:meta_key><![CDATA[assembly_items]]></wp:meta_key>
			<wp:meta_value><![CDATA[]]></wp:meta_value>
		</wp:postmeta>
		<wp:postmeta>
			<wp:meta_key><![CDATA[_assembly_items]]></wp:meta_key>
			<wp:meta_value><![CDATA[field_5bb80d0076ac0]]></wp:meta_value>
		</wp:postmeta>
	</item>
	<item>
		<title>AD4343 XT</title>
		<link>http://localhost/wp/index.php/assembly/ad4343-xt/</link>
		<pubDate>Sat, 06 Oct 2018 01:56:36 +0000</pubDate>
		<dc:creator><![CDATA[wp]]></dc:creator>
		<guid isPermaLink="false">http://localhost/wp/?post_type=assembly&#038;p=5638</guid>
		<description></description>
		<content:encoded><![CDATA[AD4343]]></content:encoded>
		<excerpt:encoded><![CDATA[]]></excerpt:encoded>
		<wp:post_id>5638</wp:post_id>
		<wp:post_date><![CDATA[2018-10-06 01:56:36]]></wp:post_date>
		<wp:post_date_gmt><![CDATA[2018-10-06 01:56:36]]></wp:post_date_gmt>
		<wp:comment_status><![CDATA[closed]]></wp:comment_status>
		<wp:ping_status><![CDATA[closed]]></wp:ping_status>
		<wp:post_name><![CDATA[ad4343-xt]]></wp:post_name>
		<wp:status><![CDATA[publish]]></wp:status>
		<wp:post_parent>0</wp:post_parent>
		<wp:menu_order>0</wp:menu_order>
		<wp:post_type><![CDATA[assembly]]></wp:post_type>
		<wp:post_password><![CDATA[]]></wp:post_password>
		<wp:is_sticky>0</wp:is_sticky>
		<category domain="vendor" nicename="ifco"><![CDATA[IFCO]]></category>
		<wp:postmeta>
			<wp:meta_key><![CDATA[_thumbnail_id]]></wp:meta_key>
			<wp:meta_value><![CDATA[5460]]></wp:meta_value>
		</wp:postmeta>
		<wp:postmeta>
			<wp:meta_key><![CDATA[assembly_id]]></wp:meta_key>
			<wp:meta_value><![CDATA[AD4343 XT]]></wp:meta_value>
		</wp:postmeta>
		<wp:postmeta>
			<wp:meta_key><![CDATA[_assembly_id]]></wp:meta_key>
			<wp:meta_value><![CDATA[field_59077aa89c6ff]]></wp:meta_value>
		</wp:postmeta>
		<wp:postmeta>
			<wp:meta_key><![CDATA[assembly_list]]></wp:meta_key>
			<wp:meta_value><![CDATA[]]></wp:meta_value>
		</wp:postmeta>
		<wp:postmeta>
			<wp:meta_key><![CDATA[_assembly_list]]></wp:meta_key>
			<wp:meta_value><![CDATA[field_5bb80d769c545]]></wp:meta_value>
		</wp:postmeta>
		<wp:postmeta>
			<wp:meta_key><![CDATA[object_list]]></wp:meta_key>
			<wp:meta_value><![CDATA[]]></wp:meta_value>
		</wp:postmeta>
		<wp:postmeta>
			<wp:meta_key><![CDATA[_object_list]]></wp:meta_key>
			<wp:meta_value><![CDATA[field_5bb813757ccd5]]></wp:meta_value>
		</wp:postmeta>
		<wp:postmeta>
			<wp:meta_key><![CDATA[items_0_level]]></wp:meta_key>
			<wp:meta_value><![CDATA[1]]></wp:meta_value>
		</wp:postmeta>
		<wp:postmeta>
			<wp:meta_key><![CDATA[_items_0_level]]></wp:meta_key>
			<wp:meta_value><![CDATA[field_5bb814c6de101]]></wp:meta_value>
		</wp:postmeta>
		<wp:postmeta>
			<wp:meta_key><![CDATA[items_0_type]]></wp:meta_key>
			<wp:meta_value><![CDATA[Part]]></wp:meta_value>
		</wp:postmeta>
		<wp:postmeta>
			<wp:meta_key><![CDATA[_items_0_type]]></wp:meta_key>
			<wp:meta_value><![CDATA[field_5bb80c6cc205f]]></wp:meta_value>
		</wp:postmeta>
		<wp:postmeta>
			<wp:meta_key><![CDATA[items_0_quantity]]></wp:meta_key>
			<wp:meta_value><![CDATA[3]]></wp:meta_value>
		</wp:postmeta>
		<wp:postmeta>
			<wp:meta_key><![CDATA[_items_0_quantity]]></wp:meta_key>
			<wp:meta_value><![CDATA[field_5bb80c6cc2062]]></wp:meta_value>
		</wp:postmeta>
		<wp:postmeta>
			<wp:meta_key><![CDATA[items_0_item]]></wp:meta_key>
			<wp:meta_value><![CDATA[5632]]></wp:meta_value>
		</wp:postmeta>
		<wp:postmeta>
			<wp:meta_key><![CDATA[_items_0_item]]></wp:meta_key>
			<wp:meta_value><![CDATA[field_5bb80c6cc2061]]></wp:meta_value>
		</wp:postmeta>
		<wp:postmeta>
			<wp:meta_key><![CDATA[items_1_level]]></wp:meta_key>
			<wp:meta_value><![CDATA[1]]></wp:meta_value>
		</wp:postmeta>
		<wp:postmeta>
			<wp:meta_key><![CDATA[_items_1_level]]></wp:meta_key>
			<wp:meta_value><![CDATA[field_5bb814c6de101]]></wp:meta_value>
		</wp:postmeta>
		<wp:postmeta>
			<wp:meta_key><![CDATA[items_1_type]]></wp:meta_key>
			<wp:meta_value><![CDATA[Part]]></wp:meta_value>
		</wp:postmeta>
		<wp:postmeta>
			<wp:meta_key><![CDATA[_items_1_type]]></wp:meta_key>
			<wp:meta_value><![CDATA[field_5bb80c6cc205f]]></wp:meta_value>
		</wp:postmeta>
		<wp:postmeta>
			<wp:meta_key><![CDATA[items_1_quantity]]></wp:meta_key>
			<wp:meta_value><![CDATA[6]]></wp:meta_value>
		</wp:postmeta>
		<wp:postmeta>
			<wp:meta_key><![CDATA[_items_1_quantity]]></wp:meta_key>
			<wp:meta_value><![CDATA[field_5bb80c6cc2062]]></wp:meta_value>
		</wp:postmeta>
		<wp:postmeta>
			<wp:meta_key><![CDATA[items_1_item]]></wp:meta_key>
			<wp:meta_value><![CDATA[5634]]></wp:meta_value>
		</wp:postmeta>
		<wp:postmeta>
			<wp:meta_key><![CDATA[_items_1_item]]></wp:meta_key>
			<wp:meta_value><![CDATA[field_5bb80c6cc2061]]></wp:meta_value>
		</wp:postmeta>
		<wp:postmeta>
			<wp:meta_key><![CDATA[items]]></wp:meta_key>
			<wp:meta_value><![CDATA[2]]></wp:meta_value>
		</wp:postmeta>
		<wp:postmeta>
			<wp:meta_key><![CDATA[_items]]></wp:meta_key>
			<wp:meta_value><![CDATA[field_5bb80c6bc205e]]></wp:meta_value>
		</wp:postmeta>
		<wp:postmeta>
			<wp:meta_key><![CDATA[assembly_items]]></wp:meta_key>
			<wp:meta_value><![CDATA[]]></wp:meta_value>
		</wp:postmeta>
		<wp:postmeta>
			<wp:meta_key><![CDATA[_assembly_items]]></wp:meta_key>
			<wp:meta_value><![CDATA[field_5bb80d0076ac0]]></wp:meta_value>
		</wp:postmeta>
		<wp:postmeta>
			<wp:meta_key><![CDATA[_dp_original]]></wp:meta_key>
			<wp:meta_value><![CDATA[5637]]></wp:meta_value>
		</wp:postmeta>
		<wp:postmeta>
			<wp:meta_key><![CDATA[_edit_last]]></wp:meta_key>
			<wp:meta_value><![CDATA[1]]></wp:meta_value>
		</wp:postmeta>
	</item>
	<item>
		<title>S5454</title>
		<link>http://localhost/wp/index.php/assembly/s5454/</link>
		<pubDate>Sat, 06 Oct 2018 01:57:27 +0000</pubDate>
		<dc:creator><![CDATA[wp]]></dc:creator>
		<guid isPermaLink="false">http://localhost/wp/?post_type=assembly&#038;p=5639</guid>
		<description></description>
		<content:encoded><![CDATA[S5454]]></content:encoded>
		<excerpt:encoded><![CDATA[]]></excerpt:encoded>
		<wp:post_id>5639</wp:post_id>
		<wp:post_date><![CDATA[2018-10-06 01:57:27]]></wp:post_date>
		<wp:post_date_gmt><![CDATA[2018-10-06 01:57:27]]></wp:post_date_gmt>
		<wp:comment_status><![CDATA[closed]]></wp:comment_status>
		<wp:ping_status><![CDATA[closed]]></wp:ping_status>
		<wp:post_name><![CDATA[s5454]]></wp:post_name>
		<wp:status><![CDATA[publish]]></wp:status>
		<wp:post_parent>0</wp:post_parent>
		<wp:menu_order>0</wp:menu_order>
		<wp:post_type><![CDATA[assembly]]></wp:post_type>
		<wp:post_password><![CDATA[]]></wp:post_password>
		<wp:is_sticky>0</wp:is_sticky>
		<category domain="vendor" nicename="ifco"><![CDATA[IFCO]]></category>
		<wp:postmeta>
			<wp:meta_key><![CDATA[_thumbnail_id]]></wp:meta_key>
			<wp:meta_value><![CDATA[5460]]></wp:meta_value>
		</wp:postmeta>
		<wp:postmeta>
			<wp:meta_key><![CDATA[assembly_id]]></wp:meta_key>
			<wp:meta_value><![CDATA[S5454]]></wp:meta_value>
		</wp:postmeta>
		<wp:postmeta>
			<wp:meta_key><![CDATA[_assembly_id]]></wp:meta_key>
			<wp:meta_value><![CDATA[field_59077aa89c6ff]]></wp:meta_value>
		</wp:postmeta>
		<wp:postmeta>
			<wp:meta_key><![CDATA[assembly_list]]></wp:meta_key>
			<wp:meta_value><![CDATA[]]></wp:meta_value>
		</wp:postmeta>
		<wp:postmeta>
			<wp:meta_key><![CDATA[_assembly_list]]></wp:meta_key>
			<wp:meta_value><![CDATA[field_5bb80d769c545]]></wp:meta_value>
		</wp:postmeta>
		<wp:postmeta>
			<wp:meta_key><![CDATA[object_list]]></wp:meta_key>
			<wp:meta_value><![CDATA[]]></wp:meta_value>
		</wp:postmeta>
		<wp:postmeta>
			<wp:meta_key><![CDATA[_object_list]]></wp:meta_key>
			<wp:meta_value><![CDATA[field_5bb813757ccd5]]></wp:meta_value>
		</wp:postmeta>
		<wp:postmeta>
			<wp:meta_key><![CDATA[items_0_level]]></wp:meta_key>
			<wp:meta_value><![CDATA[1]]></wp:meta_value>
		</wp:postmeta>
		<wp:postmeta>
			<wp:meta_key><![CDATA[_items_0_level]]></wp:meta_key>
			<wp:meta_value><![CDATA[field_5bb814c6de101]]></wp:meta_value>
		</wp:postmeta>
		<wp:postmeta>
			<wp:meta_key><![CDATA[items_0_type]]></wp:meta_key>
			<wp:meta_value><![CDATA[Assembly]]></wp:meta_value>
		</wp:postmeta>
		<wp:postmeta>
			<wp:meta_key><![CDATA[_items_0_type]]></wp:meta_key>
			<wp:meta_value><![CDATA[field_5bb80c6cc205f]]></wp:meta_value>
		</wp:postmeta>
		<wp:postmeta>
			<wp:meta_key><![CDATA[items_0_quantity]]></wp:meta_key>
			<wp:meta_value><![CDATA[3]]></wp:meta_value>
		</wp:postmeta>
		<wp:postmeta>
			<wp:meta_key><![CDATA[_items_0_quantity]]></wp:meta_key>
			<wp:meta_value><![CDATA[field_5bb80c6cc2062]]></wp:meta_value>
		</wp:postmeta>
		<wp:postmeta>
			<wp:meta_key><![CDATA[items_0_item]]></wp:meta_key>
			<wp:meta_value><![CDATA[5637]]></wp:meta_value>
		</wp:postmeta>
		<wp:postmeta>
			<wp:meta_key><![CDATA[_items_0_item]]></wp:meta_key>
			<wp:meta_value><![CDATA[field_5bb80c6cc2061]]></wp:meta_value>
		</wp:postmeta>
		<wp:postmeta>
			<wp:meta_key><![CDATA[items_1_level]]></wp:meta_key>
			<wp:meta_value><![CDATA[1]]></wp:meta_value>
		</wp:postmeta>
		<wp:postmeta>
			<wp:meta_key><![CDATA[_items_1_level]]></wp:meta_key>
			<wp:meta_value><![CDATA[field_5bb814c6de101]]></wp:meta_value>
		</wp:postmeta>
		<wp:postmeta>
			<wp:meta_key><![CDATA[items_1_type]]></wp:meta_key>
			<wp:meta_value><![CDATA[Part]]></wp:meta_value>
		</wp:postmeta>
		<wp:postmeta>
			<wp:meta_key><![CDATA[_items_1_type]]></wp:meta_key>
			<wp:meta_value><![CDATA[field_5bb80c6cc205f]]></wp:meta_value>
		</wp:postmeta>
		<wp:postmeta>
			<wp:meta_key><![CDATA[items_1_quantity]]></wp:meta_key>
			<wp:meta_value><![CDATA[6]]></wp:meta_value>
		</wp:postmeta>
		<wp:postmeta>
			<wp:meta_key><![CDATA[_items_1_quantity]]></wp:meta_key>
			<wp:meta_value><![CDATA[field_5bb80c6cc2062]]></wp:meta_value>
		</wp:postmeta>
		<wp:postmeta>
			<wp:meta_key><![CDATA[items_1_item]]></wp:meta_key>
			<wp:meta_value><![CDATA[5638]]></wp:meta_value>
		</wp:postmeta>
		<wp:postmeta>
			<wp:meta_key><![CDATA[_items_1_item]]></wp:meta_key>
			<wp:meta_value><![CDATA[field_5bb80c6cc2061]]></wp:meta_value>
		</wp:postmeta>
		<wp:postmeta>
			<wp:meta_key><![CDATA[items]]></wp:meta_key>
			<wp:meta_value><![CDATA[4]]></wp:meta_value>
		</wp:postmeta>
		<wp:postmeta>
			<wp:meta_key><![CDATA[_items]]></wp:meta_key>
			<wp:meta_value><![CDATA[field_5bb80c6bc205e]]></wp:meta_value>
		</wp:postmeta>
		<wp:postmeta>
			<wp:meta_key><![CDATA[assembly_items]]></wp:meta_key>
			<wp:meta_value><![CDATA[]]></wp:meta_value>
		</wp:postmeta>
		<wp:postmeta>
			<wp:meta_key><![CDATA[_assembly_items]]></wp:meta_key>
			<wp:meta_value><![CDATA[field_5bb80d0076ac0]]></wp:meta_value>
		</wp:postmeta>
		<wp:postmeta>
			<wp:meta_key><![CDATA[_dp_original]]></wp:meta_key>
			<wp:meta_value><![CDATA[5638]]></wp:meta_value>
		</wp:postmeta>
		<wp:postmeta>
			<wp:meta_key><![CDATA[_edit_last]]></wp:meta_key>
			<wp:meta_value><![CDATA[1]]></wp:meta_value>
		</wp:postmeta>
		<wp:postmeta>
			<wp:meta_key><![CDATA[items_2_level]]></wp:meta_key>
			<wp:meta_value><![CDATA[1]]></wp:meta_value>
		</wp:postmeta>
		<wp:postmeta>
			<wp:meta_key><![CDATA[_items_2_level]]></wp:meta_key>
			<wp:meta_value><![CDATA[field_5bb814c6de101]]></wp:meta_value>
		</wp:postmeta>
		<wp:postmeta>
			<wp:meta_key><![CDATA[items_2_type]]></wp:meta_key>
			<wp:meta_value><![CDATA[Part]]></wp:meta_value>
		</wp:postmeta>
		<wp:postmeta>
			<wp:meta_key><![CDATA[_items_2_type]]></wp:meta_key>
			<wp:meta_value><![CDATA[field_5bb80c6cc205f]]></wp:meta_value>
		</wp:postmeta>
		<wp:postmeta>
			<wp:meta_key><![CDATA[items_2_quantity]]></wp:meta_key>
			<wp:meta_value><![CDATA[5]]></wp:meta_value>
		</wp:postmeta>
		<wp:postmeta>
			<wp:meta_key><![CDATA[_items_2_quantity]]></wp:meta_key>
			<wp:meta_value><![CDATA[field_5bb80c6cc2062]]></wp:meta_value>
		</wp:postmeta>
		<wp:postmeta>
			<wp:meta_key><![CDATA[items_2_item]]></wp:meta_key>
			<wp:meta_value><![CDATA[5632]]></wp:meta_value>
		</wp:postmeta>
		<wp:postmeta>
			<wp:meta_key><![CDATA[_items_2_item]]></wp:meta_key>
			<wp:meta_value><![CDATA[field_5bb80c6cc2061]]></wp:meta_value>
		</wp:postmeta>
		<wp:postmeta>
			<wp:meta_key><![CDATA[items_3_level]]></wp:meta_key>
			<wp:meta_value><![CDATA[1]]></wp:meta_value>
		</wp:postmeta>
		<wp:postmeta>
			<wp:meta_key><![CDATA[_items_3_level]]></wp:meta_key>
			<wp:meta_value><![CDATA[field_5bb814c6de101]]></wp:meta_value>
		</wp:postmeta>
		<wp:postmeta>
			<wp:meta_key><![CDATA[items_3_type]]></wp:meta_key>
			<wp:meta_value><![CDATA[Part]]></wp:meta_value>
		</wp:postmeta>
		<wp:postmeta>
			<wp:meta_key><![CDATA[_items_3_type]]></wp:meta_key>
			<wp:meta_value><![CDATA[field_5bb80c6cc205f]]></wp:meta_value>
		</wp:postmeta>
		<wp:postmeta>
			<wp:meta_key><![CDATA[items_3_quantity]]></wp:meta_key>
			<wp:meta_value><![CDATA[9]]></wp:meta_value>
		</wp:postmeta>
		<wp:postmeta>
			<wp:meta_key><![CDATA[_items_3_quantity]]></wp:meta_key>
			<wp:meta_value><![CDATA[field_5bb80c6cc2062]]></wp:meta_value>
		</wp:postmeta>
		<wp:postmeta>
			<wp:meta_key><![CDATA[items_3_item]]></wp:meta_key>
			<wp:meta_value><![CDATA[5634]]></wp:meta_value>
		</wp:postmeta>
		<wp:postmeta>
			<wp:meta_key><![CDATA[_items_3_item]]></wp:meta_key>
			<wp:meta_value><![CDATA[field_5bb80c6cc2061]]></wp:meta_value>
		</wp:postmeta>
	</item>
	<item>
		<title>S5454 XT</title>
		<link>http://localhost/wp/index.php/assembly/s5454-xt/</link>
		<pubDate>Sat, 06 Oct 2018 01:57:54 +0000</pubDate>
		<dc:creator><![CDATA[wp]]></dc:creator>
		<guid isPermaLink="false">http://localhost/wp/?post_type=assembly&#038;p=5640</guid>
		<description></description>
		<content:encoded><![CDATA[S5454 XT]]></content:encoded>
		<excerpt:encoded><![CDATA[]]></excerpt:encoded>
		<wp:post_id>5640</wp:post_id>
		<wp:post_date><![CDATA[2018-10-06 01:57:54]]></wp:post_date>
		<wp:post_date_gmt><![CDATA[2018-10-06 01:57:54]]></wp:post_date_gmt>
		<wp:comment_status><![CDATA[closed]]></wp:comment_status>
		<wp:ping_status><![CDATA[closed]]></wp:ping_status>
		<wp:post_name><![CDATA[s5454-xt]]></wp:post_name>
		<wp:status><![CDATA[publish]]></wp:status>
		<wp:post_parent>0</wp:post_parent>
		<wp:menu_order>0</wp:menu_order>
		<wp:post_type><![CDATA[assembly]]></wp:post_type>
		<wp:post_password><![CDATA[]]></wp:post_password>
		<wp:is_sticky>0</wp:is_sticky>
		<category domain="vendor" nicename="ifco"><![CDATA[IFCO]]></category>
		<wp:postmeta>
			<wp:meta_key><![CDATA[_thumbnail_id]]></wp:meta_key>
			<wp:meta_value><![CDATA[5460]]></wp:meta_value>
		</wp:postmeta>
		<wp:postmeta>
			<wp:meta_key><![CDATA[assembly_id]]></wp:meta_key>
			<wp:meta_value><![CDATA[S5454 XT]]></wp:meta_value>
		</wp:postmeta>
		<wp:postmeta>
			<wp:meta_key><![CDATA[_assembly_id]]></wp:meta_key>
			<wp:meta_value><![CDATA[field_59077aa89c6ff]]></wp:meta_value>
		</wp:postmeta>
		<wp:postmeta>
			<wp:meta_key><![CDATA[assembly_list]]></wp:meta_key>
			<wp:meta_value><![CDATA[]]></wp:meta_value>
		</wp:postmeta>
		<wp:postmeta>
			<wp:meta_key><![CDATA[_assembly_list]]></wp:meta_key>
			<wp:meta_value><![CDATA[field_5bb80d769c545]]></wp:meta_value>
		</wp:postmeta>
		<wp:postmeta>
			<wp:meta_key><![CDATA[object_list]]></wp:meta_key>
			<wp:meta_value><![CDATA[]]></wp:meta_value>
		</wp:postmeta>
		<wp:postmeta>
			<wp:meta_key><![CDATA[_object_list]]></wp:meta_key>
			<wp:meta_value><![CDATA[field_5bb813757ccd5]]></wp:meta_value>
		</wp:postmeta>
		<wp:postmeta>
			<wp:meta_key><![CDATA[items_0_level]]></wp:meta_key>
			<wp:meta_value><![CDATA[1]]></wp:meta_value>
		</wp:postmeta>
		<wp:postmeta>
			<wp:meta_key><![CDATA[_items_0_level]]></wp:meta_key>
			<wp:meta_value><![CDATA[field_5bb814c6de101]]></wp:meta_value>
		</wp:postmeta>
		<wp:postmeta>
			<wp:meta_key><![CDATA[items_0_type]]></wp:meta_key>
			<wp:meta_value><![CDATA[Assembly]]></wp:meta_value>
		</wp:postmeta>
		<wp:postmeta>
			<wp:meta_key><![CDATA[_items_0_type]]></wp:meta_key>
			<wp:meta_value><![CDATA[field_5bb80c6cc205f]]></wp:meta_value>
		</wp:postmeta>
		<wp:postmeta>
			<wp:meta_key><![CDATA[items_0_quantity]]></wp:meta_key>
			<wp:meta_value><![CDATA[3]]></wp:meta_value>
		</wp:postmeta>
		<wp:postmeta>
			<wp:meta_key><![CDATA[_items_0_quantity]]></wp:meta_key>
			<wp:meta_value><![CDATA[field_5bb80c6cc2062]]></wp:meta_value>
		</wp:postmeta>
		<wp:postmeta>
			<wp:meta_key><![CDATA[items_0_item]]></wp:meta_key>
			<wp:meta_value><![CDATA[5637]]></wp:meta_value>
		</wp:postmeta>
		<wp:postmeta>
			<wp:meta_key><![CDATA[_items_0_item]]></wp:meta_key>
			<wp:meta_value><![CDATA[field_5bb80c6cc2061]]></wp:meta_value>
		</wp:postmeta>
		<wp:postmeta>
			<wp:meta_key><![CDATA[items_1_level]]></wp:meta_key>
			<wp:meta_value><![CDATA[1]]></wp:meta_value>
		</wp:postmeta>
		<wp:postmeta>
			<wp:meta_key><![CDATA[_items_1_level]]></wp:meta_key>
			<wp:meta_value><![CDATA[field_5bb814c6de101]]></wp:meta_value>
		</wp:postmeta>
		<wp:postmeta>
			<wp:meta_key><![CDATA[items_1_type]]></wp:meta_key>
			<wp:meta_value><![CDATA[Part]]></wp:meta_value>
		</wp:postmeta>
		<wp:postmeta>
			<wp:meta_key><![CDATA[_items_1_type]]></wp:meta_key>
			<wp:meta_value><![CDATA[field_5bb80c6cc205f]]></wp:meta_value>
		</wp:postmeta>
		<wp:postmeta>
			<wp:meta_key><![CDATA[items_1_quantity]]></wp:meta_key>
			<wp:meta_value><![CDATA[6]]></wp:meta_value>
		</wp:postmeta>
		<wp:postmeta>
			<wp:meta_key><![CDATA[_items_1_quantity]]></wp:meta_key>
			<wp:meta_value><![CDATA[field_5bb80c6cc2062]]></wp:meta_value>
		</wp:postmeta>
		<wp:postmeta>
			<wp:meta_key><![CDATA[items_1_item]]></wp:meta_key>
			<wp:meta_value><![CDATA[5638]]></wp:meta_value>
		</wp:postmeta>
		<wp:postmeta>
			<wp:meta_key><![CDATA[_items_1_item]]></wp:meta_key>
			<wp:meta_value><![CDATA[field_5bb80c6cc2061]]></wp:meta_value>
		</wp:postmeta>
		<wp:postmeta>
			<wp:meta_key><![CDATA[items]]></wp:meta_key>
			<wp:meta_value><![CDATA[5]]></wp:meta_value>
		</wp:postmeta>
		<wp:postmeta>
			<wp:meta_key><![CDATA[_items]]></wp:meta_key>
			<wp:meta_value><![CDATA[field_5bb80c6bc205e]]></wp:meta_value>
		</wp:postmeta>
		<wp:postmeta>
			<wp:meta_key><![CDATA[assembly_items]]></wp:meta_key>
			<wp:meta_value><![CDATA[]]></wp:meta_value>
		</wp:postmeta>
		<wp:postmeta>
			<wp:meta_key><![CDATA[_assembly_items]]></wp:meta_key>
			<wp:meta_value><![CDATA[field_5bb80d0076ac0]]></wp:meta_value>
		</wp:postmeta>
		<wp:postmeta>
			<wp:meta_key><![CDATA[items_2_level]]></wp:meta_key>
			<wp:meta_value><![CDATA[1]]></wp:meta_value>
		</wp:postmeta>
		<wp:postmeta>
			<wp:meta_key><![CDATA[_items_2_level]]></wp:meta_key>
			<wp:meta_value><![CDATA[field_5bb814c6de101]]></wp:meta_value>
		</wp:postmeta>
		<wp:postmeta>
			<wp:meta_key><![CDATA[items_2_type]]></wp:meta_key>
			<wp:meta_value><![CDATA[Part]]></wp:meta_value>
		</wp:postmeta>
		<wp:postmeta>
			<wp:meta_key><![CDATA[_items_2_type]]></wp:meta_key>
			<wp:meta_value><![CDATA[field_5bb80c6cc205f]]></wp:meta_value>
		</wp:postmeta>
		<wp:postmeta>
			<wp:meta_key><![CDATA[items_2_quantity]]></wp:meta_key>
			<wp:meta_value><![CDATA[5]]></wp:meta_value>
		</wp:postmeta>
		<wp:postmeta>
			<wp:meta_key><![CDATA[_items_2_quantity]]></wp:meta_key>
			<wp:meta_value><![CDATA[field_5bb80c6cc2062]]></wp:meta_value>
		</wp:postmeta>
		<wp:postmeta>
			<wp:meta_key><![CDATA[items_2_item]]></wp:meta_key>
			<wp:meta_value><![CDATA[5632]]></wp:meta_value>
		</wp:postmeta>
		<wp:postmeta>
			<wp:meta_key><![CDATA[_items_2_item]]></wp:meta_key>
			<wp:meta_value><![CDATA[field_5bb80c6cc2061]]></wp:meta_value>
		</wp:postmeta>
		<wp:postmeta>
			<wp:meta_key><![CDATA[items_3_level]]></wp:meta_key>
			<wp:meta_value><![CDATA[1]]></wp:meta_value>
		</wp:postmeta>
		<wp:postmeta>
			<wp:meta_key><![CDATA[_items_3_level]]></wp:meta_key>
			<wp:meta_value><![CDATA[field_5bb814c6de101]]></wp:meta_value>
		</wp:postmeta>
		<wp:postmeta>
			<wp:meta_key><![CDATA[items_3_type]]></wp:meta_key>
			<wp:meta_value><![CDATA[Part]]></wp:meta_value>
		</wp:postmeta>
		<wp:postmeta>
			<wp:meta_key><![CDATA[_items_3_type]]></wp:meta_key>
			<wp:meta_value><![CDATA[field_5bb80c6cc205f]]></wp:meta_value>
		</wp:postmeta>
		<wp:postmeta>
			<wp:meta_key><![CDATA[items_3_quantity]]></wp:meta_key>
			<wp:meta_value><![CDATA[9]]></wp:meta_value>
		</wp:postmeta>
		<wp:postmeta>
			<wp:meta_key><![CDATA[_items_3_quantity]]></wp:meta_key>
			<wp:meta_value><![CDATA[field_5bb80c6cc2062]]></wp:meta_value>
		</wp:postmeta>
		<wp:postmeta>
			<wp:meta_key><![CDATA[items_3_item]]></wp:meta_key>
			<wp:meta_value><![CDATA[5634]]></wp:meta_value>
		</wp:postmeta>
		<wp:postmeta>
			<wp:meta_key><![CDATA[_items_3_item]]></wp:meta_key>
			<wp:meta_value><![CDATA[field_5bb80c6cc2061]]></wp:meta_value>
		</wp:postmeta>
		<wp:postmeta>
			<wp:meta_key><![CDATA[_dp_original]]></wp:meta_key>
			<wp:meta_value><![CDATA[5639]]></wp:meta_value>
		</wp:postmeta>
		<wp:postmeta>
			<wp:meta_key><![CDATA[_edit_last]]></wp:meta_key>
			<wp:meta_value><![CDATA[1]]></wp:meta_value>
		</wp:postmeta>
		<wp:postmeta>
			<wp:meta_key><![CDATA[items_4_level]]></wp:meta_key>
			<wp:meta_value><![CDATA[1]]></wp:meta_value>
		</wp:postmeta>
		<wp:postmeta>
			<wp:meta_key><![CDATA[_items_4_level]]></wp:meta_key>
			<wp:meta_value><![CDATA[field_5bb814c6de101]]></wp:meta_value>
		</wp:postmeta>
		<wp:postmeta>
			<wp:meta_key><![CDATA[items_4_type]]></wp:meta_key>
			<wp:meta_value><![CDATA[Part]]></wp:meta_value>
		</wp:postmeta>
		<wp:postmeta>
			<wp:meta_key><![CDATA[_items_4_type]]></wp:meta_key>
			<wp:meta_value><![CDATA[field_5bb80c6cc205f]]></wp:meta_value>
		</wp:postmeta>
		<wp:postmeta>
			<wp:meta_key><![CDATA[items_4_quantity]]></wp:meta_key>
			<wp:meta_value><![CDATA[5]]></wp:meta_value>
		</wp:postmeta>
		<wp:postmeta>
			<wp:meta_key><![CDATA[_items_4_quantity]]></wp:meta_key>
			<wp:meta_value><![CDATA[field_5bb80c6cc2062]]></wp:meta_value>
		</wp:postmeta>
		<wp:postmeta>
			<wp:meta_key><![CDATA[items_4_item]]></wp:meta_key>
			<wp:meta_value><![CDATA[5639]]></wp:meta_value>
		</wp:postmeta>
		<wp:postmeta>
			<wp:meta_key><![CDATA[_items_4_item]]></wp:meta_key>
			<wp:meta_value><![CDATA[field_5bb80c6cc2061]]></wp:meta_value>
		</wp:postmeta>
	</item>
</channel>
</rss>
