<?xml version="1.0" encoding="UTF-8" ?>
<!-- This is a WordPress eXtended RSS file generated by WordPress as an export of your site. -->
<!-- It contains information about your site's posts, pages, comments, categories, and other content. -->
<!-- You may use this file to transfer that content from one site to another. -->
<!-- This file is not intended to serve as a complete backup of your site. -->

<!-- To import this information into a WordPress site follow these steps: -->
<!-- 1. Log in to that site as an administrator. -->
<!-- 2. Go to Tools: Import in the WordPress admin panel. -->
<!-- 3. Install the "WordPress" importer from the list. -->
<!-- 4. Activate & Run Importer. -->
<!-- 5. Upload this file using the form provided on that page. -->
<!-- 6. You will first be asked to map the authors in this export file to users -->
<!--    on the site. For each author, you may choose to map to an -->
<!--    existing user on the site or to create a new user. -->
<!-- 7. WordPress will then import each of the posts, pages, comments, categories, etc. -->
<!--    contained in this file into your site. -->

<!-- generator="WordPress/4.9.8" created="2018-10-06 02:05" -->
<rss version="2.0"
	xmlns:excerpt="http://wordpress.org/export/1.2/excerpt/"
	xmlns:content="http://purl.org/rss/1.0/modules/content/"
	xmlns:wfw="http://wellformedweb.org/CommentAPI/"
	xmlns:dc="http://purl.org/dc/elements/1.1/"
	xmlns:wp="http://wordpress.org/export/1.2/"
>

<channel>
	<title>wp</title>
	<link>http://localhost/wp</link>
	<description>Just another WordPress site</description>
	<pubDate>Sat, 06 Oct 2018 02:05:15 +0000</pubDate>
	<language>en-US</language>
	<wp:wxr_version>1.2</wp:wxr_version>
	<wp:base_site_url>http://localhost/wp</wp:base_site_url>
	<wp:base_blog_url>http://localhost/wp</wp:base_blog_url>

	<wp:author><wp:author_id>1</wp:author_id><wp:author_login><![CDATA[wp]]></wp:author_login><wp:author_email><![CDATA[wp@wp.dev]]></wp:author_email><wp:author_display_name><![CDATA[wp]]></wp:author_display_name><wp:author_first_name><![CDATA[]]></wp:author_first_name><wp:author_last_name><![CDATA[]]></wp:author_last_name></wp:author>


	<generator>https://wordpress.org/?v=4.9.8</generator>

<image>
	<url>http://localhost/wp/wp-content/uploads/2018/10/cropped-woobom500-1-32x32.png</url>
	<title>wp</title>
	<link>http://localhost/wp</link>
	<width>32</width>
	<height>32</height>
</image> 

	<item>
		<title>Assembly</title>
		<link>http://localhost/wp/?post_type=acf-field-group&#038;p=5234</link>
		<pubDate>Sat, 06 Oct 2018 01:13:39 +0000</pubDate>
		<dc:creator><![CDATA[wp]]></dc:creator>
		<guid isPermaLink="false">http://localhost/wp/?post_type=acf-field-group&#038;p=5234</guid>
		<description></description>
		<content:encoded><![CDATA[a:7:{s:8:"location";a:1:{i:0;a:1:{i:0;a:3:{s:5:"param";s:9:"post_type";s:8:"operator";s:2:"==";s:5:"value";s:8:"assembly";}}}s:8:"position";s:6:"normal";s:5:"style";s:7:"default";s:15:"label_placement";s:3:"top";s:21:"instruction_placement";s:5:"label";s:14:"hide_on_screen";s:0:"";s:11:"description";s:0:"";}]]></content:encoded>
		<excerpt:encoded><![CDATA[assembly]]></excerpt:encoded>
		<wp:post_id>5234</wp:post_id>
		<wp:post_date><![CDATA[2018-10-06 01:13:39]]></wp:post_date>
		<wp:post_date_gmt><![CDATA[2018-10-06 01:13:39]]></wp:post_date_gmt>
		<wp:comment_status><![CDATA[closed]]></wp:comment_status>
		<wp:ping_status><![CDATA[closed]]></wp:ping_status>
		<wp:post_name><![CDATA[group_58bec9c065391]]></wp:post_name>
		<wp:status><![CDATA[publish]]></wp:status>
		<wp:post_parent>0</wp:post_parent>
		<wp:menu_order>0</wp:menu_order>
		<wp:post_type><![CDATA[acf-field-group]]></wp:post_type>
		<wp:post_password><![CDATA[]]></wp:post_password>
		<wp:is_sticky>0</wp:is_sticky>
		<wp:postmeta>
			<wp:meta_key><![CDATA[_edit_last]]></wp:meta_key>
			<wp:meta_value><![CDATA[1]]></wp:meta_value>
		</wp:postmeta>
	</item>
	<item>
		<title>Inventory</title>
		<link>http://localhost/wp/?post_type=acf-field-group&#038;p=5244</link>
		<pubDate>Sat, 06 Oct 2018 01:13:41 +0000</pubDate>
		<dc:creator><![CDATA[wp]]></dc:creator>
		<guid isPermaLink="false">http://localhost/wp/?post_type=acf-field-group&#038;p=5244</guid>
		<description></description>
		<content:encoded><![CDATA[a:8:{s:8:"location";a:1:{i:0;a:1:{i:0;a:3:{s:5:"param";s:9:"post_type";s:8:"operator";s:2:"==";s:5:"value";s:4:"post";}}}s:8:"position";s:6:"normal";s:5:"style";s:7:"default";s:15:"label_placement";s:3:"top";s:21:"instruction_placement";s:5:"label";s:14:"hide_on_screen";s:0:"";s:11:"description";s:0:"";s:5:"local";s:3:"php";}]]></content:encoded>
		<excerpt:encoded><![CDATA[inventory]]></excerpt:encoded>
		<wp:post_id>5244</wp:post_id>
		<wp:post_date><![CDATA[2018-10-06 01:13:41]]></wp:post_date>
		<wp:post_date_gmt><![CDATA[2018-10-06 01:13:41]]></wp:post_date_gmt>
		<wp:comment_status><![CDATA[closed]]></wp:comment_status>
		<wp:ping_status><![CDATA[closed]]></wp:ping_status>
		<wp:post_name><![CDATA[group_5af216d695b47__trashed]]></wp:post_name>
		<wp:status><![CDATA[trash]]></wp:status>
		<wp:post_parent>0</wp:post_parent>
		<wp:menu_order>0</wp:menu_order>
		<wp:post_type><![CDATA[acf-field-group]]></wp:post_type>
		<wp:post_password><![CDATA[]]></wp:post_password>
		<wp:is_sticky>0</wp:is_sticky>
		<wp:postmeta>
			<wp:meta_key><![CDATA[_wp_trash_meta_status]]></wp:meta_key>
			<wp:meta_value><![CDATA[publish]]></wp:meta_value>
		</wp:postmeta>
		<wp:postmeta>
			<wp:meta_key><![CDATA[_wp_trash_meta_time]]></wp:meta_key>
			<wp:meta_value><![CDATA[1538791373]]></wp:meta_value>
		</wp:postmeta>
		<wp:postmeta>
			<wp:meta_key><![CDATA[_wp_desired_post_slug]]></wp:meta_key>
			<wp:meta_value><![CDATA[group_5af216d695b47]]></wp:meta_value>
		</wp:postmeta>
	</item>
	<item>
		<title>Part</title>
		<link>http://localhost/wp/?post_type=acf-field-group&#038;p=5260</link>
		<pubDate>Sat, 06 Oct 2018 01:13:43 +0000</pubDate>
		<dc:creator><![CDATA[wp]]></dc:creator>
		<guid isPermaLink="false">http://localhost/wp/?post_type=acf-field-group&#038;p=5260</guid>
		<description></description>
		<content:encoded><![CDATA[a:7:{s:8:"location";a:1:{i:0;a:1:{i:0;a:3:{s:5:"param";s:9:"post_type";s:8:"operator";s:2:"==";s:5:"value";s:4:"part";}}}s:8:"position";s:6:"normal";s:5:"style";s:7:"default";s:15:"label_placement";s:3:"top";s:21:"instruction_placement";s:5:"label";s:14:"hide_on_screen";s:0:"";s:11:"description";s:68:"Part object used in process of manufacturing assemblies or products.";}]]></content:encoded>
		<excerpt:encoded><![CDATA[part]]></excerpt:encoded>
		<wp:post_id>5260</wp:post_id>
		<wp:post_date><![CDATA[2018-10-06 01:13:43]]></wp:post_date>
		<wp:post_date_gmt><![CDATA[2018-10-06 01:13:43]]></wp:post_date_gmt>
		<wp:comment_status><![CDATA[closed]]></wp:comment_status>
		<wp:ping_status><![CDATA[closed]]></wp:ping_status>
		<wp:post_name><![CDATA[group_58be21633a48e]]></wp:post_name>
		<wp:status><![CDATA[publish]]></wp:status>
		<wp:post_parent>0</wp:post_parent>
		<wp:menu_order>0</wp:menu_order>
		<wp:post_type><![CDATA[acf-field-group]]></wp:post_type>
		<wp:post_password><![CDATA[]]></wp:post_password>
		<wp:is_sticky>0</wp:is_sticky>
		<wp:postmeta>
			<wp:meta_key><![CDATA[_edit_last]]></wp:meta_key>
			<wp:meta_value><![CDATA[1]]></wp:meta_value>
		</wp:postmeta>
	</item>
	<item>
		<title>Product</title>
		<link>http://localhost/wp/?post_type=acf-field-group&#038;p=5270</link>
		<pubDate>Sat, 06 Oct 2018 01:13:45 +0000</pubDate>
		<dc:creator><![CDATA[wp]]></dc:creator>
		<guid isPermaLink="false">http://localhost/wp/?post_type=acf-field-group&#038;p=5270</guid>
		<description></description>
		<content:encoded><![CDATA[a:7:{s:8:"location";a:1:{i:0;a:1:{i:0;a:3:{s:5:"param";s:9:"post_type";s:8:"operator";s:2:"==";s:5:"value";s:7:"product";}}}s:8:"position";s:6:"normal";s:5:"style";s:7:"default";s:15:"label_placement";s:3:"top";s:21:"instruction_placement";s:5:"label";s:14:"hide_on_screen";s:0:"";s:11:"description";s:66:"List of parts, assemblies and their quantities to create products.";}]]></content:encoded>
		<excerpt:encoded><![CDATA[product]]></excerpt:encoded>
		<wp:post_id>5270</wp:post_id>
		<wp:post_date><![CDATA[2018-10-06 01:13:45]]></wp:post_date>
		<wp:post_date_gmt><![CDATA[2018-10-06 01:13:45]]></wp:post_date_gmt>
		<wp:comment_status><![CDATA[closed]]></wp:comment_status>
		<wp:ping_status><![CDATA[closed]]></wp:ping_status>
		<wp:post_name><![CDATA[group_590779985a45c__trashed]]></wp:post_name>
		<wp:status><![CDATA[trash]]></wp:status>
		<wp:post_parent>0</wp:post_parent>
		<wp:menu_order>0</wp:menu_order>
		<wp:post_type><![CDATA[acf-field-group]]></wp:post_type>
		<wp:post_password><![CDATA[]]></wp:post_password>
		<wp:is_sticky>0</wp:is_sticky>
		<wp:postmeta>
			<wp:meta_key><![CDATA[_edit_last]]></wp:meta_key>
			<wp:meta_value><![CDATA[1]]></wp:meta_value>
		</wp:postmeta>
		<wp:postmeta>
			<wp:meta_key><![CDATA[_wp_trash_meta_status]]></wp:meta_key>
			<wp:meta_value><![CDATA[publish]]></wp:meta_value>
		</wp:postmeta>
		<wp:postmeta>
			<wp:meta_key><![CDATA[_wp_trash_meta_time]]></wp:meta_key>
			<wp:meta_value><![CDATA[1538790103]]></wp:meta_value>
		</wp:postmeta>
		<wp:postmeta>
			<wp:meta_key><![CDATA[_wp_desired_post_slug]]></wp:meta_key>
			<wp:meta_value><![CDATA[group_590779985a45c]]></wp:meta_value>
		</wp:postmeta>
	</item>
	<item>
		<title>Items</title>
		<link>http://localhost/wp/?post_type=acf-field-group&#038;p=5337</link>
		<pubDate>Sat, 06 Oct 2018 01:14:08 +0000</pubDate>
		<dc:creator><![CDATA[wp]]></dc:creator>
		<guid isPermaLink="false">http://localhost/wp/?post_type=acf-field-group&#038;p=5337</guid>
		<description></description>
		<content:encoded><![CDATA[a:7:{s:8:"location";a:2:{i:0;a:1:{i:0;a:3:{s:5:"param";s:9:"post_type";s:8:"operator";s:2:"==";s:5:"value";s:8:"assembly";}}i:1;a:1:{i:0;a:3:{s:5:"param";s:9:"post_type";s:8:"operator";s:2:"==";s:5:"value";s:7:"product";}}}s:8:"position";s:6:"normal";s:5:"style";s:7:"default";s:15:"label_placement";s:3:"top";s:21:"instruction_placement";s:5:"label";s:14:"hide_on_screen";s:0:"";s:11:"description";s:0:"";}]]></content:encoded>
		<excerpt:encoded><![CDATA[items]]></excerpt:encoded>
		<wp:post_id>5337</wp:post_id>
		<wp:post_date><![CDATA[2018-10-06 01:14:08]]></wp:post_date>
		<wp:post_date_gmt><![CDATA[2018-10-06 01:14:08]]></wp:post_date_gmt>
		<wp:comment_status><![CDATA[closed]]></wp:comment_status>
		<wp:ping_status><![CDATA[closed]]></wp:ping_status>
		<wp:post_name><![CDATA[group_5bb80c60b265d]]></wp:post_name>
		<wp:status><![CDATA[publish]]></wp:status>
		<wp:post_parent>0</wp:post_parent>
		<wp:menu_order>0</wp:menu_order>
		<wp:post_type><![CDATA[acf-field-group]]></wp:post_type>
		<wp:post_password><![CDATA[]]></wp:post_password>
		<wp:is_sticky>0</wp:is_sticky>
		<wp:postmeta>
			<wp:meta_key><![CDATA[_edit_last]]></wp:meta_key>
			<wp:meta_value><![CDATA[1]]></wp:meta_value>
		</wp:postmeta>
	</item>
</channel>
</rss>
